year,month,rank,net_worth,last_name,first_name,full_name,birth_date,age,gender,country_of_citizenship,country_of_residence,city_of_residence,business_category,business_industries,organization_name,position_in_organization,self_made,wealth_status
2005,3,1,46.5 B,Gates,William,Bill Gates,1955-10-28,49,Male,United States,United States,Medina,,['Technology'],,,False,Decreased
2005,3,2,44.0 B,,,Warren Buffett,,74,,United States,United States,Omaha,,['Investments'],,,,
2005,3,3,25.0 B,,,Lakshmi Mittal,,54,,India,United Kingdom,London,,['Manufacturing'],,,,
2005,3,4,23.8 B,,,Carlos Slim Helu & family,,65,,Mexico,Mexico,Mexico City,,,,,,
2005,3,5,23.7 B,,,Prince Alwaleed Bin Talal Alsaud,,48,,Saudi Arabia,Saudi Arabia,Riyadh,,['Investments'],,,,
2005,3,6,23.0 B,,,Ingvar Kamprad & family,,78,,Sweden,Switzerland,Lausanne,,['Retail'],,,,
2005,3,7,21.0 B,Allen,Paul,Paul Allen,1953-01-21,52,Male,United States,United States,Mercer Island,,['Technology'],,,False,Remained Even
2005,3,8,18.5 B,,,Karl Albrecht,,85,,Germany,Germany,M?lheim an der Ruhr,,['Retail'],,,,
2005,3,9,18.4 B,,,Lawrence Ellison,,60,,United States,United States,Silicon Valley,,['Software'],,,,
2005,3,10,18.3 B,,,S. Robson Walton,,61,,United States,United States,Bentonville,,['Retail'],,,,
2005,3,11,18.2 B,,,Jim Walton,,57,,United States,United States,Bentonville,,['Retail'],,,,
2005,3,13,18.0 B,,,Alice Walton,,56,,United States,United States,Fort Worth,,['Retail'],,,,
2005,3,16,17.2 B,,,Liliane Bettencourt,,82,,France,France,Paris,,['Manufacturing'],,,,
2005,3,17,17.0 B,,,Bernard Arnault,,56,,France,France,Paris,,,,,,
2005,3,18,16.0 B,,,Michael Dell,,40,,United States,United States,Austin,,,,,,
2005,3,19,15.6 B,,,Sheldon Adelson,,71,,United States,United States,Las Vegas,,,,,,
2005,3,21,13.3 B,,,Roman Abramovich,,38,,Russia,United Kingdom,London,,['Oil'],,,,
2005,3,22,13.0 B,,,Ka-shing Li,,76,,Hong Kong,Hong Kong,Hong Kong,,,,,,
2005,3,23,12.6 B,,,Amancio Ortega,,69,,Spain,Spain,La Coruna,,['Apparel'],,,,
2005,3,24,12.1 B,Ballmer,Steven,Steve Ballmer,1956-03-24,49,Male,United States,United States,Hunts Point,,['Technology'],,,False,Decreased
2005,3,25,12.0 B,,,Silvio Berlusconi & family,,68,,Italy,Italy,North of Milan,,['Media'],,,,
2005,3,25,12.0 B,,,Abigail Johnson,,43,,United States,United States,Boston,,['Finance'],,,,
2005,3,27,11.7 B,Chambers,Anne Cox,Anne Cox Chambers,1919-12-01,85,Female,United States,United States,Atlanta,,['Media'],,,False,Increased
2005,3,29,11.2 B,,,Stefan Persson,,57,,Sweden,Sweden,Stockholm,,['Retail'],,,,
2005,3,31,10.9 B,,,Kwok family,,0,,Hong Kong,Hong Kong,Hong Kong,,['Real Estate'],,,,
2005,3,32,10.4 B,,,Forrest Mars,,73,,United States,United States,McLean,,['Food'],,,,
2005,3,32,10.4 B,,,Jacqueline Mars,,65,,United States,United States,Bedminster,,['Food'],,,,
2005,3,32,10.4 B,,,John Mars,,68,,United States,United States,Arlington,,['Food'],,,,
2005,3,35,9.9 B,,,Luciano Benetton,,69,,Italy,Italy,Treviso,,['Apparel'],,,,
2005,3,35,9.9 B,,,Pierre Omidyar,,37,,United States,United States,Henderson,,,,,,
2005,3,35,9.9 B,,,Galen Weston & family,,64,,Canada,Canada,Toronto,,['Retail'],,,,
2005,3,38,9.3 B,,,Shau Kee Lee,,77,,Hong Kong,Hong Kong,Hong Kong,,['Real Estate'],,,,
2005,3,38,9.3 B,,,Azim Premji,,59,,India,India,Bangalore,,,,,,
2005,3,40,9.0 B,Al-Kharafi,Nasser,Nasser Al-Kharafi & family,1943-06-17,61,Male,Kuwait,,,,['Diversified'],,,False,Increased
2005,3,41,8.9 B,,,Kirk Kerkorian,,87,,United States,United States,Los Angeles,,['Investments'],,,,
2005,3,42,8.8 B,,,Sumner Redstone,,81,,United States,United States,Beverly Hills,,['Media'],,,,
2005,3,43,8.5 B,,,Leonardo Del Vecchio,,69,,Italy,Italy,Milan,,['Manufacturing'],,,,
2005,3,43,8.5 B,,,Michele Ferrero & family,,78,,Italy,Belgium,Brussels,,['Food'],,,,
2005,3,45,8.3 B,,,Michael Otto & family,,61,,Germany,Germany,Hamburg,,['Retail'],,,,
2005,3,46,8.2 B,,,Susanne Klatten,,43,,Germany,Germany,Bad Homburg,,['Pharmaceuticals'],,,,
2005,3,46,8.2 B,Knight,Philip,Phil Knight,1938-02-24,67,Male,United States,United States,Hillsboro,,['Fashion and Retail'],,,False,Increased
2005,3,46,8.2 B,,,Hans Rausing,,79,,Sweden,United Kingdom,Wadhurst,,['Manufacturing'],,,,
2005,3,49,7.8 B,,,Serge Dassault & family,,80,,France,France,Paris,,['Manufacturing'],,,,
2005,3,49,7.8 B,,,Carl Icahn,,69,,United States,United States,New York,,['Investments'],,,,
2005,3,49,7.8 B,,,Rupert Murdoch,,74,,United States,United States,New York,,['Media'],,,,
2005,3,53,7.6 B,,,Birgit Rausing & family,,81,,Sweden,Switzerland,Vaud,,['Manufacturing'],,,,
2005,3,54,7.5 B,,,Spiro Latsis & family,,58,,Greece,Switzerland,Geneva,,,,,,
2005,3,55,7.2 B,,,Sergey Brin,,31,,United States,United States,San Francisco,,,,,,
2005,3,55,7.2 B,Ergen,Charles,Charles Ergen,1953-03-01,52,Male,United States,United States,Denver,,['Media'],,,False,Decreased
2005,3,55,7.2 B,,,Larry Page,,32,,United States,United States,San Francisco,,,,,,
2005,3,55,7.2 B,,,George Soros,,74,,United States,United States,New York,,['Finance'],,,,
2005,3,55,7.2 B,,,Reinhold Wurth,,69,,Germany,Germany,Kuenzelsau,,['Manufacturing'],,,,
2005,3,60,7.0 B,,,Mukesh Ambani,,0,,India,India,Mumbai,,['Manufacturing'],,,,
2005,3,60,7.0 B,,,Mikhail Fridman,,40,,Russia,Russia,Moscow,,['Oil'],,,,
2005,3,60,7.0 B,,,Vladimir Lisin,,48,,Russia,Russia,Moscow,,,,,,
2005,3,60,7.0 B,,,Donald Newhouse,,75,,United States,United States,Somerset County,,['Media'],,,,
2005,3,60,7.0 B,,,Samuel Newhouse,,77,,United States,United States,New York,,['Media'],,,,
2005,3,66,6.7 B,,,Stefan Quandt,,39,,Germany,Germany,Bad Homburg,,['Manufacturing'],,,,
2005,3,67,6.5 B,Arison,Micky,Micky Arison,1949-06-29,55,Male,United States,United States,Bal Harbour,,['Service'],,,False,Increased
2005,3,68,6.3 B,,,Philip &#38; Cristina Green,,0,,United Kingdom,Monaco,,,['Retail'],,,,
2005,3,68,6.3 B,,,Maria-Elisabeth &#38; Georg Schaeffler,,0,,Germany,Germany,Herzogenaurach,,['Manufacturing'],,,,
2005,3,68,6.3 B,,,August von Finck,,74,,Germany,Switzerland,Thurgau,,['Investments'],,,,
2005,3,71,6.1 B,,,Eli Broad,,71,,United States,United States,Los Angeles,,['Manufacturing'],,,,
2005,3,72,6.0 B,,,Curt Engelhorn,,78,,Germany,Switzerland,Gstaad,,['Pharmaceuticals'],,,,
2005,3,72,6.0 B,,,Edward Johnson,,74,,United States,United States,Boston,,['Finance'],,,,
2005,3,72,6.0 B,,,Nicky Oppenheimer & family,,59,,South Africa,South Africa,Johannesburg,,,,,,
2005,3,76,5.9 B,,,Francois Pinault & family,,68,,France,France,Paris,,,,,,
2005,3,77,5.8 B,,,Philip Anschutz,,65,,United States,United States,Denver,,['Investments'],,,,
2005,3,77,5.8 B,,,Ernesto Bertarelli & family,,39,,Switzerland,Switzerland,Geneva,,['Pharmaceuticals'],,,,
2005,3,80,5.6 B,,,Sulaiman Al Rajhi,,85,,Saudi Arabia,Saudi Arabia,Jeddah,,['Finance'],,,,
2005,3,80,5.6 B,Fukuda,Yoshitaka,Yoshitaka Fukuda,1947-10-14,57,Male,Japan,Japan,Kyoto,,,,,True,Increased
2005,3,80,5.6 B,,,Gerald Cavendish Grosvenor & family,,53,,United Kingdom,United Kingdom,Chester,,['Real Estate'],,,,
2005,3,84,5.5 B,Arison,Shari,Shari Arison,1957-09-09,47,Female,Israel,Israel,Tel Aviv,Billionaire,['Billionaire'],,"Investor, Philanthropist",False,Increased
2005,3,84,5.5 B,,,Oleg Deripaska,,36,,Russia,Russia,Moscow,,['Manufacturing'],,,,
2005,3,87,5.4 B,,,Jean-Claude Decaux & family,,67,,France,France,Paris,,['Media'],,,,
2005,3,87,5.4 B,,,Antonia Johnson,,61,,Sweden,Sweden,Stockholm,,,,,,
2005,3,87,5.4 B,,,Johanna Quandt,,77,,Germany,Germany,Bad Homburg,,['Manufacturing'],,,,
2005,3,91,5.2 B,,,Onsi Sawiris,,75,,Egypt,Egypt,Cairo,,['Manufacturing'],,,,
2005,3,94,5.0 B,,,Michael Bloomberg,,62,,United States,United States,New York,,['Media'],,,,
2005,3,94,5.0 B,,,Gustavo Cisneros & family,,59,,Venezuela,Venezuela,Caracas,,['Media'],,,,
2005,3,94,5.0 B,,,Robert Kuok,,81,,Malaysia,Hong Kong,Hong Kong,,['Agriculture'],,,,
2005,3,94,5.0 B,,,Hasso Plattner,,61,,Germany,Germany,Heidelberg,,['Software'],,,,
2005,3,94,5.0 B,Skoll,Jeffrey,Jeffrey Skoll,1965-01-16,40,Male,Canada,United States,Woodside,Technology,['Technology                    '],,,False,Increased
2005,3,94,5.0 B,,,Viktor Vekselberg,,47,,Russia,Russia,Moscow,,['Oil'],,,,
2005,3,94,5.0 B,,,Ty Warner,,61,,United States,United States,Chicago,,['Manufacturing'],,,,
2005,3,103,4.9 B,,,Charlene de Carvalho-Heineken,,50,,Netherlands,United Kingdom,London,,['Beverages'],,,,
2005,3,103,4.9 B,,,Eitaro Itoyama,,62,,Japan,Japan,Tokyo,,['Real Estate'],,,,
2005,3,103,4.9 B,,,Rahmi Koc,,74,,Turkey,Turkey,Istanbul,,,,,,
2005,3,103,4.9 B,,,Ronald Perelman,,62,,United States,United States,New York,,['Investments'],,,,
2005,3,107,4.8 B,,,Karl-Heinz Kipp,,81,,Germany,Switzerland,Arosa,,['Retail'],,,,
2005,3,107,4.8 B,Mordashov,Alexey,Alexey Mordashov,1965-09-26,39,Male,Russia,Russia,Moscow,,['Metals & Mining'],,,False,Increased
2005,3,107,4.8 B,,,Jim Pattison,,76,,Canada,Canada,Vancouver,,,,,,
2005,3,107,4.8 B,,,Alain &#38; Gerard Wertheimer,,0,,France,France,Paris,,['Apparel'],,,,
2005,3,111,4.7 B,,,Kunio Busujima & family,,79,,Japan,Japan,Kiryu,,,,,,
2005,3,111,4.7 B,,,Michael Kadoorie & family,,64,,Hong Kong,Hong Kong,Hong Kong,,,,,,
2005,3,111,4.7 B,,,Ferit Sahenk,,41,,Turkey,Turkey,Istanbul,,['Finance'],,,,
2005,3,116,4.5 B,,,Giorgio Armani,,70,,Italy,Italy,Milan,,['Apparel'],,,,
2005,3,117,4.4 B,,,David Geffen,,62,,United States,United States,Malibu,,['Media'],,,,
2005,3,117,4.4 B,,,"James, Arthur &#38; John Irving",,0,,Canada,Canada,Saint John,,['Oil'],,,,
2005,3,117,4.4 B,,,Vladimir Potanin,,44,,Russia,Russia,Moscow,,,,,,
2005,3,117,4.4 B,,,Mikhail Prokhorov,,39,,Russia,Russia,Moscow,,,,,,
2005,3,122,4.3 B,,,Vagit Alekperov,,54,,Russia,Russia,Moscow,,['Oil'],,,,
2005,3,122,4.3 B,,,Donald Bren,,72,,United States,United States,Newport Beach,,['Real Estate'],,,,
2005,3,122,4.3 B,Haefner,Walter,Walter Haefner,1910-09-13,94,Male,Switzerland,,,,['Technology'],,,False,Decreased
2005,3,122,4.3 B,,,Erivan Haub & family,,72,,Germany,Germany,M?lheim an der Ruhr,,['Retail'],,,,
2005,3,122,4.3 B,,,Kun-Hee Lee,,63,,South Korea,South Korea,Seoul,,,,,,
2005,3,122,4.3 B,,,Gordon Moore,,76,,United States,United States,Woodside,,,,,,
2005,3,122,4.3 B,Perot,Henry Ross,Henry Ross Perot Sr,1930-06-27,74,Male,United States,United States,Dallas,,['Technology'],,,False,Increased
2005,3,122,4.3 B,,,David Sainsbury,,64,,United Kingdom,United Kingdom,London,,['Retail'],,,,
2005,3,122,4.3 B,,,Masayoshi Son,,47,,Japan,Japan,Tokyo,,['Software'],,,,
2005,3,122,4.3 B,,,William Wrigley,,41,,United States,United States,Lake Forest,,['Food'],,,,
2005,3,132,4.2 B,,,Yu-tung Cheng,,79,,Hong Kong,Hong Kong,Hong Kong,,['Real Estate'],,,,
2005,3,132,4.2 B,,,George Kaiser,,62,,United States,United States,Tulsa,,['Oil'],,,,
2005,3,136,4.1 B,Bezos,Jeffrey,Jeff Bezos,1964-01-12,41,Male,United States,United States,Seattle,,['Technology'],,,False,Decreased
2005,3,136,4.1 B,,,Lorenzo Mendoza & family,,39,,Venezuela,Venezuela,Caracas,,['Beverages'],,,,
2005,3,138,4.0 B,,,Charles Koch,,68,,United States,United States,Wichita,,['Oil'],,,,
2005,3,138,4.0 B,,,David Koch,,63,,United States,United States,Wichita,,['Oil'],,,,
2005,3,138,4.0 B,,,Ananda Krishnan,,66,,Malaysia,Malaysia,Kuala Lumpur,,,,,,
2005,3,138,4.0 B,Kwek,Leng Beng,Kwek Leng Beng & family,1941-01-01,64,Male,Singapore,,Singapore,,,,,False,Increased
2005,3,143,3.9 B,,,Abdul Aziz Al Ghurair & family,,51,,United Arab Emirates,United Arab Emirates,Dubai,,['Finance'],,,,
2005,3,144,3.8 B,Crown,Lester,Lester Crown & family,1925-06-07,79,Male,United States,United States,Wilmette,,['Investments'],,,False,Increased
2005,3,144,3.8 B,,,John Menard,,65,,United States,United States,Eau Claire,,['Retail'],,,,
2005,3,144,3.8 B,,,Thomas Schmidheiny,,59,,Switzerland,Switzerland,Balgach,,['Construction &#38; Engineering'],,,,
2005,3,144,3.8 B,,,Andreas Strungmann,,55,,Germany,Germany,Tegernsee,,['Pharmaceuticals'],,,,
2005,3,144,3.8 B,,,Thomas Strungmann,,55,,Germany,Germany,Tegernsee,,['Pharmaceuticals'],,,,
2005,3,149,3.7 B,,,Kumar Birla,,37,,India,India,Mumbai,,,,,,
2005,3,151,3.6 B,,,Jeronimo Arango & family,,79,,Mexico,Mexico,,,['Retail'],,,,
2005,3,151,3.6 B,,,Bernard Ecclestone & family,,74,,United Kingdom,United Kingdom,London,,,,,,
2005,3,151,3.6 B,,,Frank Lowy & family,,74,,Australia,Australia,Sydney,,['Real Estate'],,,,
2005,3,151,3.6 B,,,Viktor Rashnikov,,56,,Russia,Russia,Magnitogorsk,,,,,,
2005,3,156,3.5 B,Liebherr,Willi &#38; Isolde,Willi & Isolde Liebherr & family,,,,Switzerland,Switzerland,Bulle,Construction & Engineering,['Construction & Engineering'],,,False,Increased
2005,3,156,3.5 B,Santo Domingo,Julio Mario,Julio Mario Santo Domingo,1923-10-16,81,Male,Colombia,,,,['Food and Beverage'],,,False,Increased
2005,3,160,3.4 B,,,David &#38; Frederick Barclay,,0,,United Kingdom,United Kingdom,Island of Brecquou,,['Retail'],,,,
2005,3,160,3.4 B,,,Otto Beisheim,,81,,Germany,Switzerland,Zoug,,['Retail'],,,,
2005,3,160,3.4 B,,,John Fredriksen,,60,,Norway,Norway,Oslo,,['Shipping'],,,,
2005,3,164,3.3 B,,,Robert Bass,,57,,United States,United States,Fort Worth,,['Oil'],,,,
2005,3,164,3.3 B,,,Paul Desmarais,,78,,Canada,Canada,Montreal,,,,,,
2005,3,164,3.3 B,,,Charles Johnson,,72,,United States,United States,San Mateo,,['Finance'],,,,
2005,3,164,3.3 B,,,Sunil Mittal & family,,47,,India,India,Delhi,,,,,,
2005,3,164,3.3 B,,,Robert Rowling,,51,,United States,United States,Dallas,,,,,,
2005,3,164,3.3 B,,,Michael &#38; Rainer Schmidt-Ruthenbeck,,0,,Germany,Germany,Duisburg,,['Retail'],,,,
2005,3,170,3.2 B,,,Richard Branson,,54,,United Kingdom,United Kingdom,London,,['Shipping'],,,,
2005,3,170,3.2 B,Cook,William,William Cook,1931-09-01,73,Male,United States,,,,['Health care'],,,False,Remained Even
2005,3,170,3.2 B,,,Aloysio de Andrade Faria,,84,,Brazil,Brazil,Sao Paulo,,['Finance'],,,,
2005,3,170,3.2 B,,,Rolf Gerling,,50,,Germany,Switzerland,Zurich,,['Insurance'],,,,
2005,3,170,3.2 B,Goodnight,James,James Goodnight,1943-01-06,62,Male,United States,United States,Cary,,['Technology'],,,False,Increased
2005,3,170,3.2 B,,,Terry Gou,,54,,Taiwan,Taiwan,Taipei,,,,,,
2005,3,170,3.2 B,,,Klaus-Michael Kuhne,,67,,Germany,Switzerland,Schindellegi,,['Shipping'],,,,
2005,3,170,3.2 B,,,Leonard Lauder,,72,,United States,United States,New York,,['Apparel'],,,,
2005,3,170,3.2 B,,,Pallonji Mistry,,75,,India,India,Mumbai,,['Construction &#38; Engineering'],,,,
2005,3,170,3.2 B,,,Akira Mori & family,,67,,Japan,Japan,Tokyo,,['Real Estate'],,,,
2005,3,170,3.2 B,,,Charles Schwab,,67,,United States,United States,Atherton,,,,,,
2005,3,170,3.2 B,Taylor,Jack,Jack Taylor & family,1922-09-01,82,Male,United States,United States,St. Louis,,['Service'],,,False,Increased
2005,3,170,3.2 B,,,Klaus Tschira,,64,,Germany,Germany,Heidelberg,,['Software'],,,,
2005,3,170,3.2 B,,,Tadashi Yanai & family,,56,,Japan,Japan,Yamaguchi,,['Retail'],,,,
2005,3,188,3.1 B,,,David Filo,,38,,United States,United States,Mountain View,,,,,,
2005,3,188,3.1 B,,,Heidi Horten,,64,,Austria,Austria,Vienna,,['Retail'],,,,
2005,3,188,3.1 B,Ofer,Sammy,Sammy Ofer & family,1922-01-01,0,,Israel,,,,['Logistics'],,,False,Increased
2005,3,188,3.1 B,Wexner,Leslie,Leslie Wexner,1937-09-08,69,Male,United States,United States,New Albany,,['Fashion and Retail'],,,False,Increased
2005,3,194,3.0 B,,,Richard DeVos,,79,,United States,United States,Ada,,,,,,
2005,3,194,3.0 B,Jobs,Steven,Steve Jobs,1955-02-24,50,Male,United States,,,,['Technology'],,,False,Increased
2005,3,194,3.0 B,,,Ann Walton Kroenke,,55,,United States,United States,Columbia,,['Retail'],,,,
2005,3,194,3.0 B,Lucas,George,George Lucas,1944-05-14,60,Male,United States,United States,San Anselmo,,['Media'],,,False,Remained Even
2005,3,194,3.0 B,,,Sergio Mantegazza,,77,,Switzerland,Switzerland,Lugano,,,,,,
2005,3,194,3.0 B,Prada,Miuccia,Miuccia Prada,1949-05-10,55,Female,Italy,Italy,Rome,Business,['Business'],Prada,"Owner, Fashion Designer",False,Increased
2005,3,194,3.0 B,,,Anton Schlecker,,60,,Germany,Germany,Ehingen,,['Retail'],,,,
2005,3,194,3.0 B,,,Charoen Sirivadhanabhakdi,,60,,Thailand,Thailand,Bangkok,,['Beverages'],,,,
2005,3,203,2.9 B,,,Masatoshi Ito,,80,,Japan,Japan,Tokyo,,['Retail'],,,,
2005,3,203,2.9 B,,,Barbara Piasecka Johnson,,68,,United States,Monaco,Monte Carlo,,['Health Care'],,,,
2005,3,203,2.9 B,,,Richard Schulze,,64,,United States,United States,Edina,,['Retail'],,,,
2005,3,203,2.9 B,,,Wan-Tsai Tsai & family,,75,,Taiwan,Taiwan,Taipei,,['Finance'],,,,
2005,3,203,2.9 B,,,Karl Wlaschek,,87,,Austria,Austria,Vienna,,['Retail'],,,,
2005,3,210,2.8 B,,,Charles Bronfman,,73,,Canada,Canada,Montreal,,['Beverages'],,,,
2005,3,210,2.8 B,Hillman,Henry,Henry Hillman,1918-12-25,86,Male,United States,United States,Pittsburgh,,['Investments'],,,False,Remained Even
2005,3,210,2.8 B,,,Ralph Lauren,,65,,United States,United States,New York,,['Apparel'],,,,
2005,3,210,2.8 B,,,Stephan Schmidheiny,,57,,Switzerland,Switzerland,Zurich,,['Investments'],,,,
2005,3,210,2.8 B,,,Eric Schmidt,,50,,United States,United States,Atherton,,,,,,
2005,3,219,2.7 B,,,Alberto Bailleres & family,,72,,Mexico,Mexico,Mexico City,,,,,,
2005,3,219,2.7 B,,,Edgar Bronfman,,76,,United States,United States,New York,,['Food'],,,,
2005,3,219,2.7 B,,,Charles Cadogan & family,,68,,United Kingdom,United Kingdom,London,,['Real Estate'],,,,
2005,3,219,2.7 B,,,Otto Happel,,57,,Germany,Switzerland,Luzerne,,['Construction &#38; Engineering'],,,,
2005,3,219,2.7 B,,,Bradley Hughes,,71,,United States,United States,Bel Air,,,,,,
2005,3,219,2.7 B,,,Ronald Lauder,,61,,United States,United States,New York,,['Apparel'],,,,
2005,3,219,2.7 B,,,Eliodoro Matte & family,,59,,Chile,Chile,Santiago,,,,,,
2005,3,219,2.7 B,,,Luis Carlos Sarmiento,,72,,Colombia,Colombia,Bogota,,['Finance'],,,,
2005,3,219,2.7 B,Spielberg,Steven,Steven Spielberg,1946-12-18,58,Male,United States,United States,Pacific Palisades,,['Media'],,,False,Increased
2005,3,228,2.6 B,,,Hubert Burda,,65,,Germany,Germany,Munich,,['Media'],,,,
2005,3,228,2.6 B,Ingram,Martha,Martha Ingram & family,1935-08-20,69,Female,United States,United States,Nashville,,['Media'],,,False,Increased
2005,3,228,2.6 B,,,Boris Ivanishvili,,49,,Russia,France,Paris,,,,,,
2005,3,228,2.6 B,,,Rupert Johnson,,63,,United States,United States,San Mateo,,['Finance'],,,,
2005,3,228,2.6 B,,,Saleh Kamel,,63,,Saudi Arabia,Saudi Arabia,Makkah Al-Minkarramah,,,,,,
2005,3,228,2.6 B,,,Jorge Paulo Lemann,,65,,Brazil,Brazil,Rio de Janeiro,,['Finance'],,,,
2005,3,228,2.6 B,,,Lev Leviev,,49,,Israel,Israel,B'nei Brak,,['Manufacturing'],,,,
2005,3,228,2.6 B,,,Ricardo Salinas Pliego & family,,49,,Mexico,Mexico,Mexico City,,['Retail'],,,,
2005,3,228,2.6 B,,,Takemitsu Takizaki,,59,,Japan,Japan,Osaka,,['Manufacturing'],,,,
2005,3,228,2.6 B,Trump,Donald,Donald Trump,1946-06-14,59,Male,United States,United States,New York,,['Real Estate'],,,False,Increased
2005,3,228,2.6 B,,,Jerry Yang,,36,,United States,United States,Los Altos,,,,,,
2005,3,243,2.5 B,,,Mohammed Al Amoudi,,59,,Saudi Arabia,Saudi Arabia,Jeddah,,['Oil'],,,,
2005,3,243,2.5 B,,,John Dorrance,,61,,Ireland,Ireland,Dublin,,['Food'],,,,
2005,3,243,2.5 B,,,Antonio Ermirio de Moraes & family,,76,,Brazil,Brazil,Sao Paulo,,,,,,
2005,3,243,2.5 B,,,Esther Koplowitz,,54,,Spain,Spain,Barcelona,,['Construction &#38; Engineering'],,,,
2005,3,243,2.5 B,,,Kjeld Kirk Kristiansen,,57,,Denmark,Denmark,Billund,,['Manufacturing'],,,,
2005,3,243,2.5 B,,,Edward Lampert,,42,,United States,United States,Greenwich,,['Finance'],,,,
2005,3,243,2.5 B,,,Nancy Walton Laurie,,53,,United States,United States,Columbia,,['Retail'],,,,
2005,3,243,2.5 B,,,David Rockefeller,,89,,United States,United States,New York,,['Oil'],,,,
2005,3,243,2.5 B,,,Bernard (Barry) Sherman,,63,,Canada,Canada,Toronto,,['Pharmaceuticals'],,,,
2005,3,243,2.5 B,,,James Simons,,67,,United States,United States,East Setauket,,['Investments'],,,,
2005,3,243,2.5 B,,,Leonard Stern,,67,,United States,United States,New York,,['Real Estate'],,,,
2005,3,243,2.5 B,,,Michael Ying,,55,,Hong Kong,Hong Kong,Hong Kong,,['Apparel'],,,,
2005,3,258,2.4 B,,,Rinat Akhmetov,,38,,Ukraine,Ukraine,Donetsk,,,,,,
2005,3,258,2.4 B,,,Riley Bechtel,,53,,United States,United States,San Francisco,,,,,,
2005,3,258,2.4 B,,,Stephen Bechtel,,79,,United States,United States,San Francisco,,,,,,
2005,3,258,2.4 B,,,Leonard Blavatnik,,47,,United States,United States,New York,,['Oil'],,,,
2005,3,258,2.4 B,,,Martin &#38; Olivier Bouygues,,53,,France,France,Paris,,,,,,
2005,3,258,2.4 B,,,Michael Herz,,59,,Germany,Germany,Hamburg,,['Retail'],,,,
2005,3,258,2.4 B,Lee,Seng Wee,Lee Seng Wee,1931-01-01,80,Male,Singapore,Singapore,Singapore,,,,,False,Increased
2005,3,258,2.4 B,Marcus,Bernard,Bernard Marcus,1929-05-12,75,Male,United States,United States,Atlanta,,['Fashion and Retail'],,,False,Increased
2005,3,258,2.4 B,,,A. Jerrold Perenchio,,74,,United States,United States,Bel Air,,['Media'],,,,
2005,3,258,2.4 B,,,Hong Piow Teh,,74,,Malaysia,Malaysia,Kuala Lumpur,,['Finance'],,,,
2005,3,258,2.4 B,,,Steven Udvar-Hazy,,59,,United States,United States,Beverly Hills,,,,,,
2005,3,258,2.4 B,,,Vladimir Yevtushenkov,,56,,Russia,Russia,Moscow,,,,,,
2005,3,272,2.3 B,,,Alexander Abramov,,46,,Russia,Russia,Moscow,,,,,,
2005,3,272,2.3 B,,,Vladimir Bogdanov,,53,,Russia,Russia,Surgut,,['Oil'],,,,
2005,3,272,2.3 B,,,Ronald Burkle,,52,,United States,United States,Los Angeles,,['Investments'],,,,
2005,3,272,2.3 B,,,Clive Calder,,58,,United Kingdom,Cayman Islands,,,['Media'],,,,
2005,3,272,2.3 B,,,Tetsuro Funai,,78,,Japan,Japan,Osaka,,['Manufacturing'],,,,
2005,3,272,2.3 B,,,Frits Goldschmeding,,71,,Netherlands,Netherlands,Amsterdam,,,,,,
2005,3,272,2.3 B,,,Stein Erik Hagen & family,,48,,Norway,Norway,Oslo,,['Retail'],,,,
2005,3,272,2.3 B,,,Ray Lee Hunt,,62,,United States,United States,Dallas,,['Oil'],,,,
2005,3,272,2.3 B,,,Shiv Nadar,,59,,India,India,New Delhi,,,,,,
2005,3,272,2.3 B,,,Leng Chan Quek,,64,,Malaysia,Malaysia,Kuala Lumpur,,['Finance'],,,,
2005,3,272,2.3 B,,,Johann Rupert & family,,54,,South Africa,South Africa,Stellenbosch,,['Retail'],,,,
2005,3,272,2.3 B,,,Haim Saban,,60,,United States,United States,Beverly Hills,,['Media'],,,,
2005,3,272,2.3 B,Spangler,Clemmie,Clemmie Spangler Jr,1932-04-05,72,Male,United States,United States,Charlotte,,['Investments'],,,False,Increased
2005,3,272,2.3 B,,,Friede Springer,,62,,Germany,Germany,Berlin,,['Media'],,,,
2005,3,272,2.3 B,,,Cho Yaw Wee & family,,76,,Singapore,Singapore,,,['Finance'],,,,
2005,3,292,2.2 B,,,Vincent Bollore,,52,,France,France,Paris,,['Investments'],,,,
2005,3,292,2.2 B,Butt,Charles,Charles Butt & family,1938-02-03,66,Male,United States,United States,San Antonio,,['Fashion and Retail'],,,False,Decreased
2005,3,292,2.2 B,,,Wolfgang Herz,,54,,Germany,Germany,Hamburg,,['Retail'],,,,
2005,3,292,2.2 B,,,Amos Hostetter,,68,,United States,United States,Boston,,['Media'],,,,
2005,3,292,2.2 B,,,Ryoichi Jinnai,,78,,Japan,Japan,Hokkaido,,['Finance'],,,,
2005,3,292,2.2 B,,,Peter Kellogg,,63,,United States,United States,Short Hills,,['Finance'],,,,
2005,3,292,2.2 B,,,Emanuele (Lino) Saputo,,68,,Canada,Canada,Quebec,,['Food'],,,,
2005,3,292,2.2 B,,,Stef Wertheimer & family,,79,,Israel,Israel,Tefen,,['Manufacturing'],,,,
2005,3,292,2.2 B,Yoovidhya,Chaleo,Chaleo Yoovidhya,1932-01-01,73,Male,Thailand,,,,['Food and Beverage'],,,False,Increased
2005,3,292,2.2 B,,,Samuel Zell,,63,,United States,United States,Chicago,,['Real Estate'],,,,
2005,3,306,2.1 B,,,Heinz Bauer,,65,,Germany,Germany,Hamburg,,['Media'],,,,
2005,3,306,2.1 B,,,Francesco Gaetano Caltagirone,,62,,Italy,Italy,,,,,,,
2005,3,306,2.1 B,Getty,Gordon,Gordon Getty,1933-12-20,72,Male,United States,United States,San Francisco,,['Energy'],,,False,Remained Even
2005,3,306,2.1 B,,,German Khan,,43,,Russia,Russia,Moscow,,['Oil'],,,,
2005,3,306,2.1 B,,,Herbert Kohler & family,,66,,United States,United States,Kohler,,['Manufacturing'],,,,
2005,3,306,2.1 B,McCaw,Craig,Craig McCaw,1949-08-11,55,Male,United States,United States,Hunts Point,,['Media'],,,False,Decreased
2005,3,306,2.1 B,,,Richard Rainwater,,60,,United States,United States,Fort Worth,,['Finance'],,,,
2005,3,306,2.1 B,,,Harold Simmons,,73,,United States,United States,Dallas,,['Investments'],,,,
2005,3,306,2.1 B,Smith,Frederick,Frederick Smith,1944-08-11,60,Male,United States,United States,Memphis,,['Logistics'],,,False,Increased
2005,3,306,2.1 B,,,Jon Stryker,,46,,United States,United States,Kalamazoo,,['Health Care'],,,,
2005,3,306,2.1 B,,,Ronda Stryker,,50,,United States,United States,Kalamazoo,,['Health Care'],,,,
2005,3,306,2.1 B,,,Nikolai Tsvetkov,,44,,Russia,Russia,Moscow,,['Oil'],,,,
2005,3,306,2.1 B,Wang,Patrick,Patrick Wang,1950-09-01,54,Male,Hong Kong,Hong Kong,Hong Kong,Manufacturing,['Manufacturing'],,,False,Decreased
2005,3,306,2.1 B,,,Stephen Wynn,,64,,United States,United States,Las Vegas,,,,,,
2005,3,321,2.0 B,,,Herbert Allen & family,,65,,United States,United States,New York,,['Finance'],,,,
2005,3,321,2.0 B,,,Isak Andic,,50,,Spain,Spain,Barcelona,,['Retail'],,,,
2005,3,321,2.0 B,,,Matthew Bucksbaum & family,,79,,United States,United States,Chicago,,['Real Estate'],,,,
2005,3,321,2.0 B,,,Din Hwa Chen,,82,,Hong Kong,Hong Kong,Hong Kong,,['Real Estate'],,,,
2005,3,321,2.0 B,,,Steven Cohen,,49,,United States,United States,Greenwich,,['Investments'],,,,
2005,3,321,2.0 B,,,John de Mol,,50,,Netherlands,Netherlands,Blaricum,,['Media'],,,,
2005,3,321,2.0 B,,,Ennio Doris & family,,64,,Italy,Italy,Tombolo,,['Insurance'],,,,
2005,3,321,2.0 B,,,Leonid Fedun,,48,,Russia,Russia,Moscow,,['Oil'],,,,
2005,3,321,2.0 B,,,Philippe Foriel-Destezet,,69,,France,United Kingdom,London,,,,,,
2005,3,321,2.0 B,,,R. Budi Hartono,,64,,Indonesia,Indonesia,Kudus,,,,,,
2005,3,321,2.0 B,,,Roberto Hernandez Ramirez,,63,,Mexico,Mexico,Mexico City,,['Finance'],,,,
2005,3,321,2.0 B,,,Gunter Herz,,64,,Germany,Germany,Hamburg,,['Retail'],,,,
2005,3,321,2.0 B,Huntsman,Jon,Jon Huntsman,1937-06-21,67,Male,United States,United States,Salt Lake City,,,,,False,Decreased
2005,3,321,2.0 B,,,Richard Kinder,,61,,United States,United States,Houston,,['Oil'],,,,
2005,3,321,2.0 B,,,Bruce Kovner,,59,,United States,United States,New York,,['Finance'],,,,
2005,3,321,2.0 B,,,Fredrik Lundberg,,53,,Sweden,Sweden,Stockholm,,['Retail'],,,,
2005,3,321,2.0 B,,,John Malone,,64,,United States,United States,Parker,,['Media'],,,,
2005,3,321,2.0 B,,,Dietrich Mateschitz,,60,,Austria,Austria,Fuschl am See,,['Beverages'],,,,
2005,3,321,2.0 B,,,Patrick McGovern,,67,,United States,United States,Hollis,,['Media'],,,,
2005,3,321,2.0 B,Mera,Rosalia,Rosalia Mera,1944-01-28,61,Female,Spain,Spain,La Coruna,Billionaire,['Billionaire'],,"Investor, Philanthropist",False,Increased
2005,3,321,2.0 B,,,Mitchell Rales,,48,,United States,United States,Washington,,['Manufacturing'],,,,
2005,3,321,2.0 B,,,Steven Rales,,52,,United States,United States,Washington,,['Manufacturing'],,,,
2005,3,321,2.0 B,,,Bruno Schroder & family,,72,,United Kingdom,United Kingdom,London,,['Finance'],,,,
2005,3,321,2.0 B,,,Evgeny (Eugene) Shvidler,,40,,United States,Russia,Moscow,,['Oil'],,,,
2005,3,321,2.0 B,,,"Robert E ""Ted"" Turner",,66,,United States,United States,Lamont,,['Media'],,,,
2005,3,321,2.0 B,,,Albert von Thurn und Taxis,,21,,Germany,Germany,Regensburg,,,,,,
2005,3,321,2.0 B,,,Peter Woo & family,,59,,Hong Kong,Hong Kong,Hong Kong,,['Real Estate'],,,,
2005,3,355,1.9 B,,,Lee Bass,,48,,United States,United States,Fort Worth,,['Oil'],,,,
2005,3,355,1.9 B,,,Emilio Botin,,70,,Spain,Spain,Santander,,['Finance'],,,,
2005,3,355,1.9 B,,,Charles Dolan & family,,78,,United States,United States,Oyster Bay,,['Media'],,,,
2005,3,355,1.9 B,,,Adi Godrej & family,,62,,India,India,Mumbai,,['Manufacturing'],,,,
2005,3,355,1.9 B,,,William Randolph Hearst,,55,,United States,United States,San Francisco,,['Media'],,,,
2005,3,355,1.9 B,,,Daniela Herz,,51,,Germany,Germany,Hamburg,,['Retail'],,,,
2005,3,355,1.9 B,Huizenga,H. Wayne,H. Wayne Huizenga,1937-12-29,67,Male,United States,United States,Fort Lauderdale,,['Investments'],,,False,Increased
2005,3,355,1.9 B,,,Henry Sy & family,,80,,Philippines,Philippines,Manila,,,,,,
2005,3,355,1.9 B,,,Glen Taylor,,63,,United States,United States,Mankato,,,,,,
2005,3,366,1.8 B,Abraham,S. Daniel,S. Daniel Abraham,1924-08-15,80,Male,United States,United States,Palm Beach,,['Food and Beverage'],,,False,Remained Even
2005,3,366,1.8 B,,,Phoebe Hearst Cooke,,78,,United States,United States,San Francisco,,['Media'],,,,
2005,3,366,1.8 B,,,Jean Coutu,,77,,Canada,Canada,Quebec,,['Retail'],,,,
2005,3,366,1.8 B,,,Albert Frere,,79,,Belgium,Belgium,Charleroi,,['Investments'],,,,
2005,3,366,1.8 B,,,Austin Hearst,,52,,United States,United States,New York,,['Media'],,,,
2005,3,366,1.8 B,,,David Hearst,,59,,United States,United States,Los Angeles,,['Media'],,,,
2005,3,366,1.8 B,,,George Hearst,,78,,United States,United States,Los Angeles,,['Media'],,,,
2005,3,366,1.8 B,,,Jess Jackson,,75,,United States,United States,Healdsburg,,['Food'],,,,
2005,3,366,1.8 B,Lindner,Carl,Carl Lindner Jr & family,1919-04-22,85,Male,United States,United States,Cincinnati,,['Sports'],,,False,Increased
2005,3,366,1.8 B,,,Clayton Mathile,,64,,United States,United States,Dayton,,['Food'],,,,
2005,3,366,1.8 B,McCain,Wallace,Wallace McCain,1930-01-01,75,Male,Canada,,,,['Food and Beverage'],,,False,Increased
2005,3,366,1.8 B,,,Patrick Soon-Shiong,,53,,United States,United States,Los Angeles,,['Pharmaceuticals'],,,,
2005,3,366,1.8 B,,,Sylvia Stroher,,50,,Germany,Germany,Darmstadt,,['Retail'],,,,
2005,3,366,1.8 B,,,Wilma Tisch,,79,,United States,United States,New York,,['Investments'],,,,
2005,3,366,1.8 B,,,Alisher Usmanov,,51,,Russia,Russia,,,,,,,
2005,3,366,1.8 B,,,Dennis Washington,,70,,United States,United States,Missoula,,['Investments'],,,,
2005,3,366,1.8 B,,,Hiroshi Yamauchi,,77,,Japan,Japan,Kyoto,,['Software'],,,,
2005,3,387,1.7 B,,,Dhanin Chearavanont,,65,,Thailand,Thailand,Bangkok,,['Agriculture'],,,,
2005,3,387,1.7 B,,,Belmiro de Azevedo,,67,,Portugal,Portugal,Oporto,,,,,,
2005,3,387,1.7 B,,,Stanley Druckenmiller,,52,,United States,United States,New York,,['Finance'],,,,
2005,3,387,1.7 B,,,John Fisher,,43,,United States,United States,San Francisco,,['Retail'],,,,
2005,3,387,1.7 B,,,Tom Gores,,40,,United States,United States,Beverly Hills,,['Finance'],,,,
2005,3,387,1.7 B,,,E. Stanley Kroenke,,57,,United States,United States,Columbia,,['Retail'],,,,
2005,3,387,1.7 B,Lewis,Peter,Peter Lewis,1933-11-11,70,Male,United States,United States,Coconut Grove,,['Logistics'],,,False,Increased
2005,3,387,1.7 B,Malone,Mary Alice Dorrance,Mary Alice Dorrance Malone,1950-02-03,55,Female,United States,United States,Coatesville,,['Food and Beverage'],,,False,Remained Even
2005,3,387,1.7 B,,,Richard Marriott,,66,,United States,United States,Potomac,,,,,,
2005,3,387,1.7 B,,,Charles Munger,,80,,United States,United States,Los Angeles,,['Finance'],,,,
2005,3,387,1.7 B,,,David Murdock,,81,,United States,United States,Los Angeles,,['Investments'],,,,
2005,3,387,1.7 B,,,Henry Nicholas,,45,,United States,United States,Laguna Hills,,,,,,
2005,3,387,1.7 B,,,Kazuo Okada & family,,62,,Japan,Japan,Tokyo,,,,,,
2005,3,387,1.7 B,Penske,Roger,Roger Penske,1937-02-20,68,Male,United States,United States,Birmingham,,['Automotive'],,,False,
2005,3,387,1.7 B,,,Gregorio Perez Companc & family,,70,,Argentina,Argentina,Buenos Aires,,,,,,
2005,3,387,1.7 B,,,Stefano Pessina,,63,,Italy,Monaco,Monte Carlo,,['Health Care'],,,,
2005,3,387,1.7 B,,,Thomas Pritzker,,54,,United States,United States,Chicago,,,,,,
2005,3,387,1.7 B,Sperling,John,John Sperling,1921-01-09,84,Male,United States,United States,Phoenix,,['Service'],,,False,Decreased
2005,3,387,1.7 B,Sperling,Peter,Peter Sperling,1959-11-22,45,Male,United States,United States,Phoenix,,['Service'],,,False,Decreased
2005,3,387,1.7 B,,,Pat Stryker,,48,,United States,United States,Fort Collins,,['Health Care'],,,,
2005,3,387,1.7 B,,,Lucio Tan & family,,70,,Philippines,Philippines,Manila,,,,,,
2005,3,387,1.7 B,,,John Whittaker,,63,,United Kingdom,United Kingdom,Isle of Man,,['Real Estate'],,,,
2005,3,413,1.6 B,,,Julio Bozano,,69,,Brazil,Brazil,Rio de Janeiro,,['Finance'],,,,
2005,3,413,1.6 B,,,Heinz-Horst Deichmann,,78,,Germany,Germany,Essen,,['Apparel'],,,,
2005,3,413,1.6 B,Dorrance,Bennett,Bennett Dorrance,1946-02-09,56,Male,United States,United States,Paradise Valley,,['Food and Beverage'],,,False,Increased
2005,3,413,1.6 B,,,Donald Hall,,76,,United States,United States,Mission Hills,,['Manufacturing'],,,,
2005,3,413,1.6 B,,,Alfredo Harp Helu & family,,61,,Mexico,Mexico,Mexico City,,['Finance'],,,,
2005,3,413,1.6 B,,,Hans-Werner Hector,,65,,Germany,Germany,Weinheim,,,,,,
2005,3,413,1.6 B,Jacobs,Irwin,Irwin Jacobs,1933-10-18,71,Male,United States,United States,La Jolla,,['Technology'],,,False,Increased
2005,3,413,1.6 B,,,Manuel Jove,,63,,Spain,Spain,La Coruna,,['Real Estate'],,,,
2005,3,413,1.6 B,,,Daryl Katz,,43,,Canada,Canada,Edmonton,,['Retail'],,,,
2005,3,413,1.6 B,,,Michael Krasny,,51,,United States,United States,Highland Park,,,,,,
2005,3,413,1.6 B,,,Alexei Kuzmichev,,42,,Russia,Russia,,,['Oil'],,,,
2005,3,413,1.6 B,,,Alexander Lebedev,,45,,Russia,Russia,,,['Finance'],,,,
2005,3,413,1.6 B,,,Joseph Lewis,,68,,United Kingdom,Bahamas,Lyford Cay,,['Finance'],,,,
2005,3,413,1.6 B,,,Iskander Makhmudov,,42,,Russia,Russia,,,,,,,
2005,3,413,1.6 B,,,John Marriott,,73,,United States,United States,Potomac,,,,,,
2005,3,413,1.6 B,,,Penny Pritzker,,45,,United States,United States,Chicago,,['Investments'],,,,
2005,3,413,1.6 B,,,Henry Samueli,,50,,United States,United States,Newport Beach,,,,,,
2005,3,413,1.6 B,,,Larry Yung,,63,,China,China,Shanghai,,,,,,
2005,3,413,1.6 B,,,Mortimer Zuckerman,,67,,United States,United States,New York,,['Real Estate'],,,,
2005,3,437,1.5 B,,,Sid Bass,,62,,United States,United States,Fort Worth,,['Oil'],,,,
2005,3,437,1.5 B,,,Peter Buck,,74,,United States,United States,Danbury,,['Food'],,,,
2005,3,437,1.5 B,,,Mong-Koo Chung,,67,,South Korea,South Korea,,,['Shipping'],,,,
2005,3,437,1.5 B,DeLuca,Fred,Fred DeLuca,1947-10-03,57,Male,United States,United States,Fort Lauderdale,,['Food and Beverage'],,,False,
2005,3,437,1.5 B,,,Ray Dolby,,71,,United States,United States,San Francisco,,,,,,
2005,3,437,1.5 B,,,Gustaf Douglas,,67,,Sweden,Sweden,Stockholm,,,,,,
2005,3,437,1.5 B,,,"Archie Aldis ""Red"" Emmerson",,75,,United States,United States,Redding,,['Real Estate'],,,,
2005,3,437,1.5 B,,,Gerald J. Ford,,60,,United States,United States,Dallas,,['Finance'],,,,
2005,3,437,1.5 B,,,Soichiro Fukutake,,59,,Japan,Japan,Okayama,,,,,,
2005,3,437,1.5 B,,,Jonathan Harmsworth,,37,,United Kingdom,United Kingdom,London,,['Media'],,,,
2005,3,437,1.5 B,,,Vladimir Iorikh,,46,,Russia,Russia,Moscow,,,,,,
2005,3,437,1.5 B,,,H. Fisk Johnson,,46,,United States,United States,Racine,,['Manufacturing'],,,,
2005,3,437,1.5 B,,,Imogene Powers Johnson,,75,,United States,United States,Racine,,['Manufacturing'],,,,
2005,3,437,1.5 B,,,S. Curtis Johnson,,49,,United States,United States,Racine,,['Manufacturing'],,,,
2005,3,437,1.5 B,,,Helen Johnson-Leipold,,48,,United States,United States,Racine,,['Manufacturing'],,,,
2005,3,437,1.5 B,,,Winnie Johnson-Marquart,,45,,United States,United States,Virginia Beach,,['Manufacturing'],,,,
2005,3,437,1.5 B,,,Henry Kravis,,61,,United States,United States,New York,,['Finance'],,,,
2005,3,437,1.5 B,,,Robert McNair,,67,,United States,United States,Houston,,['Oil'],,,,
2005,3,437,1.5 B,,,George Mitchell,,85,,United States,United States,Houston,,['Oil'],,,,
2005,3,437,1.5 B,,,Anthony Pritzker,,44,,United States,United States,Los Angeles,,['Investments'],,,,
2005,3,437,1.5 B,,,Daniel Pritzker,,46,,United States,United States,Marin County,,['Investments'],,,,
2005,3,437,1.5 B,,,James Pritzker,,53,,United States,United States,Chicago,,['Investments'],,,,
2005,3,437,1.5 B,,,Jay Robert (J.B.) Pritzker,,40,,United States,United States,Evanston,,['Investments'],,,,
2005,3,437,1.5 B,,,Jean (Gigi) Pritzker,,43,,United States,United States,Chicago,,['Investments'],,,,
2005,3,437,1.5 B,,,John Pritzker,,52,,United States,United States,San Francisco,,['Investments'],,,,
2005,3,437,1.5 B,,,Karen Pritzker,,47,,United States,United States,New Haven,,['Investments'],,,,
2005,3,437,1.5 B,,,Linda Pritzker,,51,,United States,United States,St. Ignatius,,['Investments'],,,,
2005,3,437,1.5 B,,,George Roberts,,60,,United States,United States,Los Angeles,,['Finance'],,,,
2005,3,437,1.5 B,Sall,John,John Sall,1948-04-04,55,Male,United States,United States,Cary,,['Technology'],,,False,Increased
2005,3,437,1.5 B,,,Dilip Shanghvi,,49,,India,India,Mumbai,,['Pharmaceuticals'],,,,
2005,3,437,1.5 B,,,John Sobrato & family,,65,,United States,United States,Atherton,,['Real Estate'],,,,
2005,3,437,1.5 B,,,Albert Ueltschi,,87,,United States,United States,Irving,,,,,,
2005,3,437,1.5 B,,,Margaret Whitman,,48,,United States,United States,Palo Alto,,,,,,
2005,3,437,1.5 B,,,Daniel Ziff,,33,,United States,United States,New York,,['Investments'],,,,
2005,3,437,1.5 B,Ziff,Dirk,Dirk Ziff,1964-04-01,40,Male,United States,United States,North Palm Beach,,['Investments'],,,False,Increased
2005,3,437,1.5 B,,,Robert Ziff,,38,,United States,United States,New York,,['Investments'],,,,
2005,3,437,1.5 B,Zobel de Ayala,Jaime,Jaime Zobel de Ayala & family,1934-07-18,70,Male,Philippines,Philippines,Manila,,,,,False,Returned to List
2005,3,437,1.5 B,,,Igor Zyuzin,,44,,Russia,Russia,Moscow,,,,,,
2005,3,488,1.4 B,,,Anil Agarwal,,51,,India,United Kingdom,London,,,,,,
2005,3,488,1.4 B,Blank,Arthur,Arthur Blank,1942-09-27,62,Male,United States,United States,Atlanta,,['Sports'],,,False,Increased
2005,3,488,1.4 B,DeBartolo,Edward,Edward DeBartolo Jr,1946-11-06,58,Male,United States,United States,Tampa,,['Real Estate'],,,False,Increased
2005,3,488,1.4 B,,,Barbara Carlson Gage & family,,63,,United States,United States,Minneapolis,,,,,,
2005,3,488,1.4 B,,,Marguerite Harbert,,81,,United States,United States,Birmingham,,,,,,
2005,3,488,1.4 B,,,Alicia Koplowitz,,52,,Spain,Spain,Madrid,,['Investments'],,,,
2005,3,488,1.4 B,Lerner,Nancy,Nancy Lerner,1960-04-20,44,Female,United States,United States,Cleveland,,['Finance'],,,False,Decreased
2005,3,488,1.4 B,Lerner,Norma,Norma Lerner,1936-03-28,69,Female,United States,United States,Cleveland,,['Finance'],,,False,Decreased
2005,3,488,1.4 B,Lerner,Randolph,Randolph Lerner,1962-02-21,42,Male,United States,United States,Cleveland,,['Finance'],,,False,Decreased
2005,3,488,1.4 B,Lindemann,George,George Lindemann & family,1936-03-26,69,Male,United States,United States,Palm Beach,,['Investments'],,,False,Increased
2005,3,488,1.4 B,,,Alfred Mann,,79,,United States,United States,Los Angeles,,['Health Care'],,,,
2005,3,488,1.4 B,,,Marilyn Carlson Nelson & family,,66,,United States,United States,Minneapolis,,,,,,
2005,3,507,1.3 B,,,Elena Baturina,,42,,Russia,Russia,Moscow,,['Construction &#38; Engineering'],,,,
2005,3,507,1.3 B,,,Pierre Bellon & family,,75,,France,France,Paris,,,,,,
2005,3,507,1.3 B,,,Yung Fa Chang,,78,,Taiwan,Taiwan,Taipei,,['Shipping'],,,,
2005,3,507,1.3 B,,,Mark Cuban,,47,,United States,United States,Dallas,,,,,,
2005,3,507,1.3 B,,,Barry Diller,,63,,United States,United States,New York,,['Media'],,,,
2005,3,507,1.3 B,,,Abilio dos Santos Diniz,,68,,Brazil,Brazil,Sao Paulo,,['Retail'],,,,
2005,3,507,1.3 B,,,David Duffield,,64,,United States,United States,Incline Village,,,,,,
2005,3,507,1.3 B,,,Gabriel Escarrer,,70,,Spain,Spain,Palma de Majorca,,,,,,
2005,3,507,1.3 B,Fisher,Doris,Doris Fisher,1931-08-23,73,Female,United States,United States,San Francisco,Fashion and Retail,['Fashion and Retail            '],Gap,Cofounder,False,Decreased
2005,3,507,1.3 B,,,John Gandel,,70,,Australia,Australia,Melbourne,,['Real Estate'],,,,
2005,3,507,1.3 B,Goldsbury,Christopher,Christopher Goldsbury,1943-01-01,62,Male,United States,United States,San Antonio,,['Food and Beverage'],,,False,Increased
2005,3,507,1.3 B,,,Alec Gores,,52,,United States,United States,Beverly Hills,,['Finance'],,,,
2005,3,507,1.3 B,,,Robert Holding,,78,,United States,United States,Salt Lake City,,['Oil'],,,,
2005,3,507,1.3 B,,,Joseph Jamail,,79,,United States,United States,Houston,,,,,,
2005,3,507,1.3 B,,,James Jannard,,55,,United States,United States,San Juan Islands,,['Apparel'],,,,
2005,3,507,1.3 B,,,Stephen Jarislowsky,,79,,Canada,Canada,Montreal,,['Finance'],,,,
2005,3,507,1.3 B,Kao,Min,Min Kao,1949-01-10,56,Male,United States,United States,Leawood,,['Manufacturing'],,,False,Remained Even
2005,3,507,1.3 B,,,Barry Lam,,55,,Taiwan,Taiwan,,,,,,,
2005,3,507,1.3 B,,,Vincent Lo,,0,,Hong Kong,Hong Kong,Hong Kong,,['Real Estate'],,,,
2005,3,507,1.3 B,,,Drayton McLane,,68,,United States,United States,Temple,,['Retail'],,,,
2005,3,507,1.3 B,,,John Morgridge,,71,,United States,United States,Portola Valley,,,,,,
2005,3,507,1.3 B,,,Liselott Persson,,0,,Sweden,Sweden,Stockholm,,['Retail'],,,,
2005,3,507,1.3 B,,,Victor Pinchuk,,44,,Ukraine,Ukraine,Dniepropetrovsk,,,,,,
2005,3,507,1.3 B,,,Hans Riegel,,82,,Germany,Germany,Bonn,,['Food'],,,,
2005,3,507,1.3 B,,,Phillip Ruffin,,69,,United States,United States,Wichita,,,,,,
2005,3,507,1.3 B,,,Thomas Siebel,,52,,United States,United States,San Mateo,,,,,,
2005,3,507,1.3 B,,,Harry Triguboff,,72,,Australia,Australia,Sydney,,['Real Estate'],,,,
2005,3,507,1.3 B,,,Peter Unger,,60,,Germany,Germany,Weiden,,,,,,
2005,3,507,1.3 B,,,Joop van den Ende,,63,,Netherlands,Netherlands,,,['Media'],,,,
2005,3,507,1.3 B,,,Dean White,,81,,United States,United States,Crown Point,,,,,,
2005,3,507,1.3 B,,,Arne Wilhelmsen & family,,74,,Norway,Norway,Oslo,,['Shipping'],,,,
2005,3,507,1.3 B,Winfrey,Oprah,Oprah Winfrey,1954-01-29,51,Female,United States,United States,Chicago,,['Media'],,,False,Increased
2005,3,548,1.2 B,,,George Argyros,,68,,United States,United States,Newport Beach,,['Real Estate'],,,,
2005,3,548,1.2 B,,,Edward Bass,,60,,United States,United States,Fort Worth,,['Oil'],,,,
2005,3,548,1.2 B,,,Carl Berg,,67,,United States,United States,Atherton,,['Real Estate'],,,,
2005,3,548,1.2 B,,,William Connor,,55,,United States,Hong Kong,Hong Kong,,,,,,
2005,3,548,1.2 B,,,Bulent Eczacibasi,,55,,Turkey,Turkey,Istanbul,,['Pharmaceuticals'],,,,
2005,3,548,1.2 B,,,Victor Fung,,60,,United States,Hong Kong,Hong Kong,,,,,,
2005,3,548,1.2 B,,,William Fung,,57,,Hong Kong,Hong Kong,Hong Kong,,,,,,
2005,3,548,1.2 B,,,Alan Gerry,,75,,United States,United States,Liberty,,['Media'],,,,
2005,3,548,1.2 B,Green,David,David Green,1941-11-13,64,Male,United States,United States,Oklahoma City,,['Fashion and Retail'],,,False,Increased
2005,3,548,1.2 B,,,Saad Hariri,,33,,Saudi Arabia,Saudi Arabia,Riyadh,,['Construction &#38; Engineering'],,,,
2005,3,548,1.2 B,,,Stanley Stub Hubbard,,71,,United States,United States,St. Mary's Point,,['Media'],,,,
2005,3,548,1.2 B,,,Guy Laliberte,,45,,Canada,Canada,Montreal,,['Media'],,,,
2005,3,548,1.2 B,,,Kenneth Langone,,69,,United States,United States,Sands Point,,['Investments'],,,,
2005,3,548,1.2 B,,,Thomas Lee,,60,,United States,United States,New York,,['Finance'],,,,
2005,3,548,1.2 B,McCombs,"Billy Joe ""Red""",Billy Joe (Red) McCombs,1927-10-19,77,Male,United States,United States,San Antonio,,['Media'],,,False,Increased
2005,3,548,1.2 B,,,Andrey Melnichenko,,33,,Russia,Russia,Moscow,,,,,,
2005,3,548,1.2 B,,,Sergei Popov,,33,,Russia,Russia,Moscow,,,,,,
2005,3,548,1.2 B,,,Richard Scaife,,72,,United States,United States,Pittsburgh,,['Finance'],,,,
2005,3,548,1.2 B,,,Walter Scott,,73,,United States,United States,Omaha,,,,,,
2005,3,548,1.2 B,,,Marcel Herrmann Telles,,55,,Brazil,Brazil,Sao Paulo,,['Beverages'],,,,
2005,3,548,1.2 B,,,Olav Thon,,81,,Norway,Norway,Oslo,,['Real Estate'],,,,
2005,3,548,1.2 B,,,Martin Viessmann,,51,,Germany,Germany,Allendorf,,['Manufacturing'],,,,
2005,3,584,1.1 B,,,John Brown,,70,,United States,United States,Kalamazoo,,['Health Care'],,,,
2005,3,584,1.1 B,,,Robert Friedland,,54,,United States,Singapore,Singapore,,,,,,
2005,3,584,1.1 B,Frist,Thomas,Thomas Frist Jr & family,1938-08-12,66,Male,United States,United States,Nashville,,['Health care'],,,False,Decreased
2005,3,584,1.1 B,Glazer,Malcolm,Malcolm Glazer & family,1928-08-15,77,Male,United States,United States,Palm Beach,,['Sports'],,,False,Remained Even
2005,3,584,1.1 B,,,B. Thomas Golisano,,63,,United States,United States,Rochester,,,,,,
2005,3,584,1.1 B,,,David Gottesman,,78,,United States,United States,Rye,,['Finance'],,,,
2005,3,584,1.1 B,,,Chang-Woo Han & family,,74,,Japan,Japan,Kyoto,,,,,,
2005,3,584,1.1 B,,,George Joseph,,83,,United States,United States,Los Angeles,,['Health Care'],,,,
2005,3,584,1.1 B,Kellogg,William,William Kellogg,1943-07-08,61,Male,United States,United States,Oconomowoc,,['Fashion and Retail'],,,False,Remained Even
2005,3,584,1.1 B,,,Richard Li,,38,,Hong Kong,Hong Kong,Hong Kong,,,,,,
2005,3,584,1.1 B,,,Kenneth Morrison,,73,,United Kingdom,United Kingdom,Bradford,,['Retail'],,,,
2005,3,584,1.1 B,,,Nelson Peltz,,62,,United States,United States,Bedford,,['Finance'],,,,
2005,3,584,1.1 B,,,Michael Price,,52,,United States,United States,Far Hills,,['Finance'],,,,
2005,3,584,1.1 B,,,Nicholas Pritzker,,61,,United States,United States,Chicago,,['Investments'],,,,
2005,3,584,1.1 B,,,Edward Roski,,66,,United States,United States,Los Angeles,,['Real Estate'],,,,
2005,3,584,1.1 B,,,Sevket Sabanci,,69,,Turkey,Turkey,Istanbul,,,,,,
2005,3,584,1.1 B,,,Alexander Spanos & family,,81,,United States,United States,Stockton,,['Real Estate'],,,,
2005,3,584,1.1 B,,,Kenny Troutt,,57,,United States,United States,Dallas,,,,,,
2005,3,584,1.1 B,,,Charlotte Colket Weber,,62,,United States,United States,Ocala,,['Food'],,,,
2005,3,620,1.0 B,Anderson,John,John Anderson,1917-09-12,87,Male,United States,,,,['Investments'],,,False,Remained Even
2005,3,620,1.0 B,Ansin,Edmund,Edmund Ansin,1936-03-09,69,Male,United States,United States,Miami Beach,,['Media'],,,False,
2005,3,620,1.0 B,,,John Arrillaga,,67,,United States,United States,Palo Alto,,['Real Estate'],,,,
2005,3,620,1.0 B,,,Nadhmi Auchi,,0,,United Kingdom,United Kingdom,London,,,,,,
2005,3,620,1.0 B,,,Emilio Azcarraga Jean,,37,,Mexico,Mexico,Mexico City,,['Media'],,,,
2005,3,620,1.0 B,,,Thomas Bailey,,68,,United States,United States,Aspen,,['Finance'],,,,
2005,3,620,1.0 B,,,Neil Bluhm,,67,,United States,United States,Chicago,,['Real Estate'],,,,
2005,3,620,1.0 B,,,Amar Bose,,76,,United States,United States,Framingham,,['Manufacturing'],,,,
2005,3,620,1.0 B,,,Thomas Bruch,,54,,Germany,Germany,St. Wendel,,['Food'],,,,
2005,3,620,1.0 B,,,John Caudwell,,52,,United Kingdom,United Kingdom,Stoke-on-Trent,,,,,,
2005,3,620,1.0 B,,,Patokh Chodiev,,51,,Kazakhstan,Kazakhstan,Almaty,,,,,,
2005,3,620,1.0 B,,,Scott Cook,,52,,United States,United States,Woodside,,,,,,
2005,3,620,1.0 B,,,Aydin Dogan,,0,,Turkey,Turkey,Istanbul,,['Media'],,,,
2005,3,620,1.0 B,,,John Edson,,72,,United States,United States,Seattle,,['Manufacturing'],,,,
2005,3,620,1.0 B,Ford,William,William Ford Sr,1925-03-14,80,Male,United States,United States,Grosse Pointe Shores,,['Manufacturing'],,,False,Remained Even
2005,3,620,1.0 B,,,William Gross,,60,,United States,United States,Newport Beach,,['Finance'],,,,
2005,3,620,1.0 B,,,Ingeburg Herz,,0,,Germany,Germany,Hamburg,,['Retail'],,,,
2005,3,620,1.0 B,,,William Hilton,,77,,United States,United States,Los Angeles,,,,,,
2005,3,620,1.0 B,,,Alijan Ibragimov,,51,,Kazakhstan,Kazakhstan,Almaty,,,,,,
2005,3,620,1.0 B,Jacobs,Jeremy,Jeremy Jacobs Sr,1940-01-20,65,Male,United States,United States,East Aurora,,['Service'],,,False,
2005,3,620,1.0 B,Jones,Jerral,Jerry Jones,1942-10-13,62,Male,United States,United States,Dallas,,['Sports'],,,False,Remained Even
2005,3,620,1.0 B,,,Paul Tudor Jones,,51,,United States,United States,Greenwich,,['Finance'],,,,
2005,3,620,1.0 B,,,Morris Kahn,,75,,Israel,Israel,,,['Investments'],,,,
2005,3,620,1.0 B,,,Nasser Khalili,,59,,United Kingdom,United Kingdom,London,,,,,,
2005,3,620,1.0 B,Kim,James,James Kim & family,1936-01-08,69,Male,United States,United States,Bryn Mawr,,['Technology'],,,False,Decreased
2005,3,620,1.0 B,,,Jan Kulczyk,,55,,Poland,Poland,Poznan,,['Beverages'],,,,
2005,3,620,1.0 B,,,Alexander Machkevich,,50,,Kazakhstan,Kazakhstan,Almaty,,,,,,
2005,3,620,1.0 B,,,Gary Magness,,51,,United States,United States,Cherry Hills,,['Media'],,,,
2005,3,620,1.0 B,Matthews,Terence (Terry),Terence (Terry) Matthews,1943-04-01,61,Male,Canada,Canada,Ottawa,Telecom,['Telecom'],,,True,Decreased
2005,3,620,1.0 B,,,Alain Merieux & family,,67,,France,France,Lyon,,['Health Care'],,,,
2005,3,620,1.0 B,,,Arnon Milchan,,60,,Israel,Israel,Tel Aviv,,['Media'],,,,
2005,3,620,1.0 B,,,Michael Milken,,58,,United States,United States,Los Angeles,,['Finance'],,,,
2005,3,620,1.0 B,,,Axel Oberwelland,,38,,Germany,Germany,Berlin,,['Food'],,,,
2005,3,620,1.0 B,,,Husnu Ozyegin,,60,,Turkey,Turkey,Izmir,,['Finance'],,,,
2005,3,620,1.0 B,,,Richard Peery,,64,,United States,United States,Palo Alto,,['Real Estate'],,,,
2005,3,620,1.0 B,,,Stewart Rahr,,59,,United States,United States,New York,,['Pharmaceuticals'],,,,
2005,3,620,1.0 B,Ross,Wilbur,Wilbur Ross Jr,1937-11-28,67,Male,United States,United States,Palm Beach,,['Investments'],,,False,
2005,3,620,1.0 B,Rowling,Joanne (J.K.),J.K. Rowling,1965-07-31,39,Female,United Kingdom,Scotland,Edinburgh,,['Media'],,,False,Remained Even
2005,3,620,1.0 B,,,Lily Safra,,67,,Monaco,Monaco,,,['Finance'],,,,
2005,3,620,1.0 B,,,Monika Schoeller,,66,,Germany,Germany,Stuttgart,,['Media'],,,,
2005,3,620,1.0 B,Shi,Wen Long,Shi Wen Long,1928-02-01,77,Male,Taiwan,,,,['Manufacturing'],,,False,Decreased
2005,3,620,1.0 B,,,Carlos Alberto Sicupira,,57,,Brazil,Brazil,Sao Paulo,,['Beverages'],,,,
2005,3,620,1.0 B,,,Zygmunt Solorz-Zak,,48,,Poland,Poland,Warsaw,,['Media'],,,,
2005,3,620,1.0 B,,,Martha Stewart,,63,,United States,United States,Westport,,['Media'],,,,
2005,3,620,1.0 B,,,Kerry Stokes,,63,,Australia,Australia,Perth,,['Construction &#38; Engineering'],,,,
2005,3,620,1.0 B,Taubman,A. Alfred,Alfred Taubman,1924-01-31,80,Male,United States,United States,Bloomfield Hills,,['Real Estate'],,,False,Remained Even
2005,3,620,1.0 B,,,Hiew King Tiong,,69,,Malaysia,Malaysia,Sibu,,,,,,
2005,3,620,1.0 B,,,Hope Hill van Beuren,,71,,United States,United States,Middletown,,['Food'],,,,
2005,3,620,1.0 B,,,Andreas von Bechtolsheim,,49,,United States,United States,Palo Alto,,,,,,
2005,3,620,1.0 B,,,Stefan von Holtzbrinck,,41,,Germany,Germany,Stuttgart,,['Media'],,,,
2005,3,620,1.0 B,,,Todd Wagner,,44,,United States,United States,Dallas,,,,,,
2005,3,620,1.0 B,,,Samuel Wyly,,69,,United States,United States,Dallas,,['Investments'],,,,
2005,3,620,1.0 B,,,Ahmet Nazif Zorlu,,60,,Turkey,Turkey,Istanbul,,,,,,
