year,month,rank,net_worth,last_name,first_name,full_name,birth_date,age,gender,country_of_citizenship,country_of_residence,city_of_residence,business_category,business_industries,organization_name,position_in_organization,self_made,wealth_status
2007,3,1,56.0 B,Gates,William,Bill Gates,1955-10-28,51,Male,United States,United States,Medina,,['Technology'],,,False,Increased
2007,3,2,52.0 B,,,Warren Buffett,,76,,United States,United States,Omaha,,['Investments'],,,,
2007,3,3,49.0 B,,,Carlos Slim Helu & family,,67,,Mexico,Mexico,Mexico City,,,,,,
2007,3,4,33.0 B,,,Ingvar Kamprad & family,,80,,Sweden,Switzerland,Lausanne,,['Retail'],,,,
2007,3,5,32.0 B,,,Lakshmi Mittal,,56,,India,United Kingdom,London,,['Manufacturing'],,,,
2007,3,6,26.5 B,,,Sheldon Adelson,,73,,United States,United States,Las Vegas,,,,,,
2007,3,7,26.0 B,,,Bernard Arnault,,58,,France,France,Paris,,,,,,
2007,3,8,24.0 B,,,Amancio Ortega,,71,,Spain,Spain,La Coruna,,['Apparel'],,,,
2007,3,9,23.0 B,,,Ka-shing Li,,78,,Hong Kong,Hong Kong,Hong Kong,,,,,,
2007,3,10,22.0 B,,,David Thomson & family,,49,,Canada,Canada,Toronto,,['Media'],,,,
2007,3,11,21.5 B,,,Lawrence Ellison,,62,,United States,United States,Redwood City,,['Software'],,,,
2007,3,12,20.7 B,,,Liliane Bettencourt,,84,,France,France,Paris,,['Manufacturing'],,,,
2007,3,13,20.3 B,,,Prince Alwaleed Bin Talal Alsaud,,50,,Saudi Arabia,Saudi Arabia,Riyadh,,['Investments'],,,,
2007,3,14,20.1 B,,,Mukesh Ambani,,49,,India,India,Mumbai,,['Manufacturing'],,,,
2007,3,15,20.0 B,,,Karl Albrecht,,87,,Germany,Germany,M?lheim an der Ruhr,,['Retail'],,,,
2007,3,16,18.7 B,,,Roman Abramovich,,40,,Russia,United Kingdom,London,,['Oil'],,,,
2007,3,17,18.4 B,,,Stefan Persson,,59,,Sweden,Sweden,Stockholm,,['Retail'],,,,
2007,3,18,18.2 B,,,Anil Ambani,,47,,India,India,Mumbai,,,,,,
2007,3,19,18.0 B,Allen,Paul,Paul Allen,1953-01-21,54,Male,United States,United States,Mercer Island,,['Technology'],,,False,Decreased
2007,3,21,17.1 B,,,Azim Premji,,61,,India,India,Bangalore,,,,,,
2007,3,22,17.0 B,,,Shau Kee Lee,,79,,Hong Kong,Hong Kong,Hong Kong,,['Real Estate'],,,,
2007,3,23,16.8 B,,,Jim Walton,,59,,United States,United States,Bentonville,,['Retail'],,,,
2007,3,24,16.7 B,,,Christy Walton & family,,52,,United States,United States,Jackson,,['Retail'],,,,
2007,3,24,16.7 B,,,S. Robson Walton,,63,,United States,United States,Bentonville,,['Retail'],,,,
2007,3,26,16.6 B,,,Sergey Brin,,33,,United States,United States,Palo Alto,,,,,,
2007,3,26,16.6 B,,,Larry Page,,34,,United States,United States,San Francisco,,,,,,
2007,3,26,16.6 B,,,Alice Walton,,57,,United States,United States,Fort Worth,,['Retail'],,,,
2007,3,30,15.8 B,,,Michael Dell,,42,,United States,United States,Austin,,,,,,
2007,3,31,15.0 B,Ballmer,Steven,Steve Ballmer,1956-03-24,51,Male,United States,United States,Hunts Point,,['Technology'],,,False,Increased
2007,3,31,15.0 B,,,Kirk Kerkorian,,89,,United States,United States,Los Angeles,,['Investments'],,,,
2007,3,31,15.0 B,,,Kwok family,,0,,Hong Kong,Hong Kong,Hong Kong,,['Real Estate'],,,,
2007,3,34,14.5 B,,,Francois Pinault & family,,70,,France,France,Paris,,,,,,
2007,3,35,14.4 B,,,Suleiman Kerimov,,41,,Russia,Russia,Moscow,,['Investments'],,,,
2007,3,36,14.3 B,,,Vladimir Lisin,,50,,Russia,Russia,Moscow,,,,,,
2007,3,37,13.9 B,Taylor,Jack,Jack Taylor & family,1922-09-01,84,Male,United States,United States,St. Louis,,['Service'],,,False,Increased
2007,3,38,13.5 B,,,Vladimir Potanin,,46,,Russia,Russia,Moscow,,,,,,
2007,3,38,13.5 B,,,Mikhail Prokhorov,,41,,Russia,Russia,Moscow,,,,,,
2007,3,40,13.3 B,,,Oleg Deripaska,,39,,Russia,Russia,Moscow,,['Manufacturing'],,,,
2007,3,40,13.3 B,,,Michael Otto & family,,63,,Germany,Germany,Hamburg,,['Retail'],,,,
2007,3,42,13.0 B,,,Carl Icahn,,71,,United States,United States,New York,,['Investments'],,,,
2007,3,42,13.0 B,,,Abigail Johnson,,45,,United States,United States,Boston,,['Finance'],,,,
2007,3,45,12.6 B,Chambers,Anne Cox,Anne Cox Chambers,1919-12-01,87,Female,United States,United States,Atlanta,,['Media'],,,False,Increased
2007,3,45,12.6 B,,,Mikhail Fridman,,42,,Russia,Russia,Moscow,,['Oil'],,,,
2007,3,48,12.4 B,,,Vagit Alekperov,,56,,Russia,Russia,Moscow,,['Oil'],,,,
2007,3,49,12.0 B,,,Charles Koch,,71,,United States,United States,Wichita,,['Oil'],,,,
2007,3,49,12.0 B,,,David Koch,,66,,United States,United States,New York,,['Oil'],,,,
2007,3,51,11.8 B,,,Silvio Berlusconi & family,,70,,Italy,Italy,North of Milan,,['Media'],,,,
2007,3,52,11.5 B,Al-Kharafi,Nasser,Nasser Al-Kharafi & family,1943-06-17,63,Male,Kuwait,,,,['Diversified'],,,False,Decreased
2007,3,52,11.5 B,,,Leonardo Del Vecchio,,71,,Italy,Italy,Milan,,['Manufacturing'],,,,
2007,3,54,11.2 B,Mordashov,Alexey,Alexey Mordashov,1965-09-26,41,Male,Russia,Russia,Moscow,,['Metals & Mining'],,,False,Increased
2007,3,55,11.0 B,,,Gerald Cavendish Grosvenor & family,,55,,United Kingdom,United Kingdom,Chester,,['Real Estate'],,,,
2007,3,55,11.0 B,,,Spiro Latsis & family,,60,,Greece,Switzerland,Geneva,,,,,,
2007,3,55,11.0 B,,,Birgit Rausing & family,,83,,Sweden,Switzerland,Vaud,,['Manufacturing'],,,,
2007,3,58,10.5 B,,,Forrest Mars,,75,,United States,United States,McLean,,['Food'],,,,
2007,3,58,10.5 B,,,Jacqueline Mars,,67,,United States,United States,Bedminster,,['Food'],,,,
2007,3,58,10.5 B,,,John Mars,,70,,United States,United States,Arlington,,['Food'],,,,
2007,3,61,10.4 B,,,Viktor Vekselberg,,49,,Russia,Russia,Moscow,,['Oil'],,,,
2007,3,62,10.0 B,,,Serge Dassault & family,,81,,France,France,Paris,,['Manufacturing'],,,,
2007,3,62,10.0 B,Ergen,Charles,Charles Ergen,1953-03-01,54,Male,United States,United States,Denver,,['Media'],,,False,Increased
2007,3,62,10.0 B,,,Michele Ferrero & family,,80,,Italy,Monaco,Montecarlo,,['Food'],,,,
2007,3,62,10.0 B,,,Naguib Sawiris,,52,,Egypt,Egypt,Cairo,,,,,,
2007,3,62,10.0 B,,,Kushal Pal Singh,,75,,India,India,Delhi,,['Real Estate'],,,,
2007,3,62,10.0 B,,,Alain &#38; Gerard Wertheimer,,0,,France,n/a,,,['Apparel'],,,,
2007,3,68,9.6 B,,,Susanne Klatten,,44,,Germany,Germany,Bad Homburg,,['Pharmaceuticals'],,,,
2007,3,69,9.5 B,Knight,Philip,Phil Knight,1938-02-24,69,Male,United States,United States,Hillsboro,,['Fashion and Retail'],,,False,Increased
2007,3,69,9.5 B,,,Sunil Mittal & family,,49,,India,India,Delhi,,,,,,
2007,3,71,9.1 B,,,Vladimir Yevtushenkov,,58,,Russia,Russia,Moscow,,,,,,
2007,3,73,9.0 B,,,Rupert Murdoch,,76,,United States,United States,New York,,['Media'],,,,
2007,3,73,9.0 B,,,Hans Rausing,,81,,Sweden,United Kingdom,Wadhurst,,['Manufacturing'],,,,
2007,3,73,9.0 B,,,Reinhold Wurth,,71,,Germany,Germany,Kuenzelsau,,['Manufacturing'],,,,
2007,3,76,8.8 B,,,Ernesto Bertarelli & family,,41,,Switzerland,Switzerland,Geneva,,['Pharmaceuticals'],,,,
2007,3,76,8.8 B,,,Pierre Omidyar,,39,,United States,United States,Henderson,,,,,,
2007,3,78,8.7 B,,,Maria-Elisabeth &#38; Georg Schaeffler,,0,,Germany,Germany,Herzogenaurach,,['Manufacturing'],,,,
2007,3,80,8.5 B,,,Donald Bren,,74,,United States,United States,Newport Beach,,['Real Estate'],,,,
2007,3,80,8.5 B,,,George Kaiser,,64,,United States,United States,Tulsa,,['Oil'],,,,
2007,3,80,8.5 B,,,George Soros,,76,,United States,United States,Westchester,,['Finance'],,,,
2007,3,83,8.4 B,,,Nikolai Tsvetkov,,46,,Russia,Russia,Moscow,,['Oil'],,,,
2007,3,83,8.4 B,,,August von Finck,,77,,Germany,Switzerland,Thurgau,,['Investments'],,,,
2007,3,86,8.0 B,,,Mohammed Al Amoudi,,61,,Saudi Arabia,Saudi Arabia,Jeddah,,['Oil'],,,,
2007,3,86,8.0 B,,,Abdul Aziz Al Ghurair & family,,53,,United Arab Emirates,United Arab Emirates,Dubai,,['Finance'],,,,
2007,3,86,8.0 B,,,Kumar Birla,,39,,India,India,Mumbai,,,,,,
2007,3,86,8.0 B,,,German Khan,,45,,Russia,Russia,Moscow,,['Oil'],,,,
2007,3,86,8.0 B,,,Iskander Makhmudov,,43,,Russia,Russia,Moscow,,,,,,
2007,3,86,8.0 B,,,Sumner Redstone,,83,,United States,United States,Beverly Hills,,['Media'],,,,
2007,3,86,8.0 B,,,Shashi &#38; Ravi Ruia,,0,,India,India,Mumbai,,,,,,
2007,3,93,7.9 B,,,Philip Anschutz,,67,,United States,United States,Denver,,['Investments'],,,,
2007,3,93,7.9 B,,,Galen Weston & family,,66,,Canada,Canada,Toronto,,['Retail'],,,,
2007,3,95,7.7 B,,,Enrique Banuelos,,41,,Spain,Spain,Valencia,,['Real Estate'],,,,
2007,3,96,7.6 B,,,Stefan Quandt,,41,,Germany,Germany,Frankfurt,,['Manufacturing'],,,,
2007,3,97,7.5 B,,,Edward Johnson,,76,,United States,United States,Boston,,['Finance'],,,,
2007,3,99,7.4 B,,,Sulaiman Al Rajhi,,87,,Saudi Arabia,Saudi Arabia,Riyadh,,['Finance'],,,,
2007,3,100,7.3 B,,,Donald Newhouse,,77,,United States,United States,Somerset County,,['Media'],,,,
2007,3,100,7.3 B,,,Samuel Newhouse,,79,,United States,United States,New York,,['Media'],,,,
2007,3,102,7.2 B,,,Leonard Blavatnik,,49,,United States,United States,New York,,['Oil'],,,,
2007,3,102,7.2 B,,,Charlene de Carvalho-Heineken,,52,,Netherlands,United Kingdom,London,,['Beverages'],,,,
2007,3,104,7.0 B,,,John Fredriksen,,62,,Cyprus,United Kingdom,London,,['Shipping'],,,,
2007,3,104,7.0 B,,,Philip &#38; Cristina Green,,55,,United Kingdom,Monaco,London,,['Retail'],,,,
2007,3,104,7.0 B,,,Robert Kuok,,83,,Malaysia,Hong Kong,Hong Kong,,['Agriculture'],,,,
2007,3,104,7.0 B,,,Ronald Perelman,,64,,United States,United States,New York,,['Investments'],,,,
2007,3,104,7.0 B,,,Viktor Rashnikov,,58,,Russia,Russia,Magnitogorsk,,['Manufacturing'],,,,
2007,3,104,7.0 B,,,Hong-tu Tsai & family,,54,,Taiwan,Taiwan,,,['Finance'],,,,
2007,3,111,6.7 B,,,Johanna Quandt,,80,,Germany,Germany,Bad Homburg,,['Manufacturing'],,,,
2007,3,112,6.6 B,,,Antonia Johnson,,63,,Sweden,Sweden,Stockholm,,,,,,
2007,3,113,6.5 B,,,Yu-tung Cheng,,81,,Hong Kong,Hong Kong,Hong Kong,,['Real Estate'],,,,
2007,3,114,6.4 B,,,Ramesh Chandra,,67,,India,India,New Delhi,,['Real Estate'],,,,
2007,3,114,6.4 B,,,Curt Engelhorn,,80,,Germany,Switzerland,Gstaad,,['Pharmaceuticals'],,,,
2007,3,116,6.2 B,,,Alexei Kuzmichev,,44,,Russia,Russia,Moscow,,['Oil'],,,,
2007,3,116,6.2 B,,,Eric Schmidt,,51,,United States,United States,Atherton,,,,,,
2007,3,119,6.0 B,,,Eli Broad,,73,,United States,United States,Los Angeles,,['Manufacturing'],,,,
2007,3,119,6.0 B,,,Gustavo Cisneros & family,,61,,Venezuela,Venezuela,Caracas,,['Media'],,,,
2007,3,119,6.0 B,,,Erivan Haub & family,,74,,Germany,Germany,M?lheim an der Ruhr,,['Retail'],,,,
2007,3,119,6.0 B,,,Petr Kellner,,42,,Czech Republic,Czech Republic,Vrane nad Vltavou,,['Insurance'],,,,
2007,3,119,6.0 B,,,Ananda Krishnan,,68,,Malaysia,Malaysia,Kuala Lumpur,,,,,,
2007,3,119,6.0 B,,,Lorenzo Mendoza & family,,41,,Venezuela,Venezuela,Caracas,,['Beverages'],,,,
2007,3,119,6.0 B,,,Hasso Plattner,,63,,Germany,Germany,Heidelberg,,['Software'],,,,
2007,3,119,6.0 B,,,Joseph Safra,,68,,Brazil,Brazil,Sao Paulo,,['Finance'],,,,
2007,3,128,5.9 B,,,Klaus-Michael Kuhne,,69,,Germany,Switzerland,Schindellegi,,['Shipping'],,,,
2007,3,129,5.8 B,Arison,Micky,Micky Arison,1949-06-29,57,Male,United States,United States,Bal Harbour,,['Service'],,,False,Decreased
2007,3,129,5.8 B,,,"James, Arthur &#38; John Irving",,0,,Canada,Canada,Saint John,,['Oil'],,,,
2007,3,129,5.8 B,,,Masayoshi Son,,49,,Japan,Japan,Tokyo,,['Software'],,,,
2007,3,132,5.7 B,Jobs,Steven,Steve Jobs,1955-02-24,52,Male,United States,,,,['Technology'],,,False,Increased
2007,3,132,5.7 B,,,Karl-Heinz Kipp,,83,,Germany,Switzerland,Arosa,,['Retail'],,,,
2007,3,132,5.7 B,,,Akira Mori & family,,69,,Japan,Japan,Tokyo,,['Real Estate'],,,,
2007,3,132,5.7 B,,,Dmitry Pumpyansky,,43,,Russia,Russia,Moscow,,['Manufacturing'],,,,
2007,3,132,5.7 B,Santo Domingo,Julio Mario,Julio Mario Santo Domingo,1923-10-16,83,Male,Colombia,,,,['Food and Beverage'],,,False,Increased
2007,3,137,5.6 B,,,Alexander Abramov,,48,,Russia,Russia,Moscow,,,,,,
2007,3,137,5.6 B,,,Charles Johnson,,74,,United States,United States,San Mateo,,['Finance'],,,,
2007,3,137,5.6 B,,,Esther Koplowitz,,56,,Spain,Spain,Barcelona,,['Construction &#38; Engineering'],,,,
2007,3,137,5.6 B,,,Eliodoro Matte & family,,61,,Chile,Chile,Santiago,,,,,,
2007,3,137,5.6 B,,,Pallonji Mistry,,77,,India,India,Mumbai,,['Construction &#38; Engineering'],,,,
2007,3,142,5.5 B,,,Robert Bass,,59,,United States,United States,Fort Worth,,['Oil'],,,,
2007,3,142,5.5 B,,,Michael Bloomberg,,65,,United States,United States,New York,,['Media'],,,,
2007,3,142,5.5 B,,,Terry Gou,,56,,Taiwan,Taiwan,Taipei,,,,,,
2007,3,142,5.5 B,,,Vladimir Kim,,46,,Kazakhstan,Kazakhstan,Almaty,,,,,,
2007,3,142,5.5 B,,,James Packer,,39,,Australia,Australia,Sydney,,['Media'],,,,
2007,3,142,5.5 B,,,Thomas Schmidheiny,,61,,Switzerland,Switzerland,Balgach,,['Construction &#38; Engineering'],,,,
2007,3,142,5.5 B,,,Alisher Usmanov,,53,,Russia,Russia,Moscow,,,,,,
2007,3,150,5.4 B,,,Robert Rowling,,53,,United States,United States,Dallas,,,,,,
2007,3,150,5.4 B,,,Roustam Tariko,,45,,Russia,Russia,Moscow,,['Finance'],,,,
2007,3,152,5.3 B,,,Leonid Fedun,,50,,Russia,Russia,Moscow,,['Oil'],,,,
2007,3,152,5.3 B,,,Bradley Hughes,,73,,United States,United States,Malibu,,,,,,
2007,3,152,5.3 B,,,Michael Kadoorie & family,,66,,Hong Kong,Hong Kong,Hong Kong,,,,,,
2007,3,155,5.2 B,,,John Menard,,67,,United States,United States,Eau Claire,,['Retail'],,,,
2007,3,155,5.2 B,,,Charles Schwab,,69,,United States,United States,Atherton,,,,,,
2007,3,158,5.0 B,,,Alberto Bailleres & family,,74,,Mexico,Mexico,Mexico City,,,,,,
2007,3,158,5.0 B,,,Jean-Claude Decaux & family,,69,,France,France,Paris,,['Media'],,,,
2007,3,158,5.0 B,,,Alicia Koplowitz,,54,,Spain,Spain,Madrid,,['Investments'],,,,
2007,3,158,5.0 B,,,Ralph Lauren,,67,,United States,United States,New York,,['Apparel'],,,,
2007,3,158,5.0 B,,,Nicky Oppenheimer & family,,61,,South Africa,South Africa,Johannesburg,,,,,,
2007,3,158,5.0 B,,,Onsi Sawiris,,77,,Egypt,Egypt,Cairo,,['Construction &#38; Engineering'],,,,
2007,3,158,5.0 B,,,Samuel Zell,,65,,United States,United States,Chicago,,['Real Estate'],,,,
2007,3,165,4.9 B,,,Jorge Paulo Lemann,,67,,Brazil,Brazil,Sao Paulo,,['Finance'],,,,
2007,3,167,4.7 B,,,David Geffen,,64,,United States,United States,Malibu,,['Media'],,,,
2007,3,167,4.7 B,,,Boris Ivanishvili,,51,,Russia,Georgia,Chorvila,,,,,,
2007,3,167,4.7 B,,,Luis Carlos Sarmiento,,74,,Colombia,Colombia,Bogota,,['Finance'],,,,
2007,3,167,4.7 B,,,Cho Yaw Wee & family,,78,,Singapore,Singapore,Singapore,,['Finance'],,,,
2007,3,172,4.6 B,,,Rupert Johnson,,65,,United States,United States,San Mateo,,['Finance'],,,,
2007,3,172,4.6 B,,,Frank Lowy & family,,76,,Australia,Australia,Sydney,,['Real Estate'],,,,
2007,3,172,4.6 B,,,Andrey Melnichenko,,35,,Russia,Russia,Moscow,,,,,,
2007,3,172,4.6 B,,,Sergei Popov,,35,,Russia,Russia,Moscow,,,,,,
2007,3,172,4.6 B,,,Ricardo Salinas Pliego & family,,51,,Mexico,Mexico,Mexico City,,['Retail'],,,,
2007,3,177,4.5 B,,,Giorgio Armani,,72,,Italy,Italy,Milan,,['Apparel'],,,,
2007,3,177,4.5 B,,,Otto Beisheim,,83,,Germany,Switzerland,Zoug,,['Retail'],,,,
2007,3,177,4.5 B,,,Martin &#38; Olivier Bouygues,,0,,France,France,Paris,,['Construction &#38; Engineering'],,,,
2007,3,177,4.5 B,Crown,Lester,Lester Crown & family,1925-06-07,81,Male,United States,United States,Wilmette,,['Investments'],,,False,Increased
2007,3,177,4.5 B,Goodnight,James,James Goodnight,1943-01-06,64,Male,United States,United States,Cary,,['Technology'],,,False,Increased
2007,3,177,4.5 B,,,Herbert Kohler & family,,68,,United States,United States,Kohler,,['Manufacturing'],,,,
2007,3,177,4.5 B,,,Edward Lampert,,44,,United States,United States,Greenwich,,['Finance'],,,,
2007,3,177,4.5 B,,,David &#38; Simon Reuben,,0,,United Kingdom,United Kingdom,London,,['Real Estate'],,,,
2007,3,177,4.5 B,,,Ty Warner,,63,,United States,United States,Chicago,,['Manufacturing'],,,,
2007,3,188,4.4 B,Bezos,Jeffrey,Jeff Bezos,1964-01-12,43,Male,United States,United States,Seattle,,['Technology'],,,False,Increased
2007,3,188,4.4 B,,,Kunio Busujima & family,,81,,Japan,Japan,Kiryu,,,,,,
2007,3,188,4.4 B,Perot,Henry Ross,Henry Ross Perot Sr,1930-06-27,76,Male,United States,United States,Dallas,,['Technology'],,,False,Increased
2007,3,188,4.4 B,,,Bernard (Barry) Sherman,,65,,Canada,Canada,Toronto,,['Pharmaceuticals'],,,,
2007,3,188,4.4 B,,,Stef Wertheimer & family,,81,,Israel,Israel,Tefen,,['Manufacturing'],,,,
2007,3,194,4.3 B,,,Jeronimo Arango & family,,81,,Mexico,Mexico,,,['Retail'],,,,
2007,3,194,4.3 B,Arison,Shari,Shari Arison,1957-09-09,49,Female,Israel,Israel,Tel Aviv,Billionaire,['Billionaire'],,"Investor, Philanthropist",False,Decreased
2007,3,194,4.3 B,,,Hubert Burda,,67,,Germany,Germany,Munich,,['Media'],,,,
2007,3,194,4.3 B,Haefner,Walter,Walter Haefner,1910-09-13,96,Male,Switzerland,,,,['Technology'],,,False,Remained Even
2007,3,194,4.3 B,Kwek,Leng Beng,Kwek Leng Beng & family,1941-01-01,66,Male,Singapore,,Singapore,,,,,False,Increased
2007,3,194,4.3 B,,,Leonid Mikhelson,,51,,Russia,Russia,Moscow,,['Oil'],,,,
2007,3,194,4.3 B,,,Johann Rupert & family,,56,,South Africa,South Africa,Stellenbosch,,['Retail'],,,,
2007,3,194,4.3 B,,,Michael &#38; Rainer Schmidt-Ruthenbeck,,0,,Germany,Germany,Duisburg,,['Retail'],,,,
2007,3,204,4.2 B,,,Robert Holding,,80,,United States,United States,Sun Valley,,['Oil'],,,,
2007,3,204,4.2 B,McAulay,Ronald,Ronald McAulay,1935-10-05,70,Male,Hong Kong,Hong Kong,Hong Kong,Energy,['Energy'],,,False,
2007,3,204,4.2 B,,,David Murdock,,83,,United States,United States,Los Angeles,,['Investments'],,,,
2007,3,204,4.2 B,Skoll,Jeffrey,Jeffrey Skoll,1965-01-16,42,Male,Canada,United States,Woodside,Technology,['Technology                    '],,,False,Decreased
2007,3,210,4.1 B,,,Matthew Bucksbaum & family,,81,,United States,United States,Chicago,,['Real Estate'],,,,
2007,3,210,4.1 B,,,Adi Godrej & family,,64,,India,India,Mumbai,,['Manufacturing'],,,,
2007,3,210,4.1 B,,,Lev Leviev,,51,,Israel,Israel,B'nei Brak,,['Manufacturing'],,,,
2007,3,214,4.0 B,,,Rinat Akhmetov,,40,,Ukraine,Ukraine,Donetsk,,,,,,
2007,3,214,4.0 B,,,Paul Desmarais,,80,,Canada,Canada,Montreal,,,,,,
2007,3,214,4.0 B,,,Aloysio de Andrade Faria,,86,,Brazil,Brazil,Sao Paulo,,['Finance'],,,,
2007,3,214,4.0 B,,,Michael Herz,,61,,Germany,Germany,Hamburg,,['Retail'],,,,
2007,3,214,4.0 B,,,Wolfgang Herz,,56,,Germany,Germany,Hamburg,,['Retail'],,,,
2007,3,214,4.0 B,,,Shiv Nadar,,61,,India,India,New Delhi,,,,,,
2007,3,214,4.0 B,,,Richard Schulze,,66,,United States,United States,Edina,,['Retail'],,,,
2007,3,214,4.0 B,,,Harold Simmons,,75,,United States,United States,Dallas,,['Investments'],,,,
2007,3,214,4.0 B,,,James Simons,,69,,United States,United States,East Setauket,,['Investments'],,,,
2007,3,214,4.0 B,,,Andreas Strungmann,,57,,Germany,Germany,Tegernsee,,['Pharmaceuticals'],,,,
2007,3,214,4.0 B,,,Thomas Strungmann,,57,,Germany,Germany,Tegernsee,,['Pharmaceuticals'],,,,
2007,3,214,4.0 B,,,Yitzhak Tshuva,,58,,Israel,Israel,Netanya,,['Real Estate'],,,,
2007,3,226,3.9 B,,,Antonio Ermirio de Moraes & family,,78,,Brazil,Brazil,Sao Paulo,,,,,,
2007,3,226,3.9 B,Ofer,Sammy,Sammy Ofer & family,1922-01-01,85,Male,Israel,,,,['Logistics'],,,False,Increased
2007,3,226,3.9 B,,,Nassef Sawiris,,0,,Egypt,Egypt,Cairo,,['Construction &#38; Engineering'],,,,
2007,3,226,3.9 B,,,Hiroshi Yamauchi,,79,,Japan,Japan,Kyoto,,['Software'],,,,
2007,3,230,3.8 B,,,Anil Agarwal,,53,,India,United Kingdom,London,,,,,,
2007,3,230,3.8 B,,,Richard Branson,,56,,United Kingdom,United Kingdom,London,,['Shipping'],,,,
2007,3,230,3.8 B,,,Frits Goldschmeding,,73,,Netherlands,Netherlands,Amsterdam,,,,,,
2007,3,230,3.8 B,,,Stein Erik Hagen & family,,50,,Norway,Norway,Oslo,,['Retail'],,,,
2007,3,230,3.8 B,,,Eitaro Itoyama,,64,,Japan,Japan,Tokyo,,['Real Estate'],,,,
2007,3,230,3.8 B,,,Jim Pattison,,78,,Canada,Canada,Vancouver,,,,,,
2007,3,230,3.8 B,,,Anton Schlecker,,62,,Germany,Germany,Ehingen,,['Retail'],,,,
2007,3,237,3.7 B,,,Vladimir Bogdanov,,55,,Russia,Russia,Surgut,,['Oil'],,,,
2007,3,237,3.7 B,Lebedev,Alexander,Alexander Lebedev,1959-12-16,47,Male,Russia,,,Investments,['Investments'],,,False,Increased
2007,3,237,3.7 B,,,Leonard Stern,,68,,United States,United States,New York,,['Real Estate'],,,,
2007,3,237,3.7 B,,,Joan Tisch,,81,,United States,United States,New York,,['Finance'],,,,
2007,3,237,3.7 B,,,Tadashi Yanai & family,,58,,Japan,Japan,Yamaguchi,,['Retail'],,,,
2007,3,243,3.6 B,,,Pyotr Aven,,52,,Russia,Russia,Moscow,,['Oil'],,,,
2007,3,243,3.6 B,,,Charles Cadogan & family,,70,,United Kingdom,United Kingdom,London,,['Real Estate'],,,,
2007,3,243,3.6 B,,,Bernard Ecclestone & family,,76,,United Kingdom,United Kingdom,London,,,,,,
2007,3,243,3.6 B,Lucas,George,George Lucas,1944-05-14,62,Male,United States,United States,San Anselmo,,['Media'],,,False,Increased
2007,3,243,3.6 B,,,Gordon Moore,,78,,United States,United States,Woodside,,,,,,
2007,3,243,3.6 B,,,Stephan Schmidheiny,,59,,Switzerland,Switzerland,Zurich,,['Investments'],,,,
2007,3,249,3.5 B,Bjorgolfsson,Bjorgolfur Thor,Thor Bjorgolfsson,1967-03-19,40,Male,Iceland,United Kingdom,London,Diversified,['Diversified'],,,True,Increased
2007,3,249,3.5 B,,,Richard DeVos,,81,,United States,United States,Ada,,,,,,
2007,3,249,3.5 B,,,Wing Mau Hui,,56,,Hong Kong,Hong Kong,Hong Kong,,['Real Estate'],,,,
2007,3,249,3.5 B,,,Ray Lee Hunt,,64,,United States,United States,Dallas,,['Oil'],,,,
2007,3,249,3.5 B,,,Manuel Jove,,65,,Spain,Spain,La Coruna,,['Real Estate'],,,,
2007,3,249,3.5 B,,,Saleh Kamel,,65,,Saudi Arabia,Saudi Arabia,Makkah Al-Minkarramah,,,,,,
2007,3,249,3.5 B,,,Peter Kellogg,,65,,United States,United States,Short Hills,,['Finance'],,,,
2007,3,249,3.5 B,,,Leonard Lauder,,74,,United States,United States,New York,,['Apparel'],,,,
2007,3,249,3.5 B,,,Husnu Ozyegin,,62,,Turkey,Turkey,Istanbul,,['Finance'],,,,
2007,3,249,3.5 B,,,Stephen Schwarzman,,60,,United States,United States,New York,,['Finance'],,,,
2007,3,249,3.5 B,,,Patrick Soon-Shiong,,55,,United States,United States,Los Angeles,,['Pharmaceuticals'],,,,
2007,3,249,3.5 B,,,Karl Wlaschek,,89,,Austria,Austria,Vienna,,['Retail'],,,,
2007,3,264,3.4 B,,,Isak Andic,,52,,Spain,Spain,Barcelona,,['Retail'],,,,
2007,3,264,3.4 B,,,Heidi Horten,,66,,Austria,Austria,Vienna,,['Retail'],,,,
2007,3,264,3.4 B,Mera,Rosalia,Rosalia Mera,1944-01-28,63,Female,Spain,Spain,La Coruna,Billionaire,['Billionaire'],,"Investor, Philanthropist",False,Increased
2007,3,264,3.4 B,,,Charoen Sirivadhanabhakdi,,62,,Thailand,Thailand,Bangkok,,['Beverages'],,,,
2007,3,264,3.4 B,,,Stephen Wynn,,65,,United States,United States,Las Vegas,,,,,,
2007,3,271,3.3 B,,,Kjeld Kirk Kristiansen,,59,,Denmark,Denmark,Billund,,['Manufacturing'],,,,
2007,3,271,3.3 B,,,Dmitry Rybolovlev,,40,,Russia,Russia,Moscow,,['Manufacturing'],,,,
2007,3,273,3.2 B,Cook,William,William Cook,1931-09-01,75,Male,United States,,,,['Health care'],,,False,Remained Even
2007,3,273,3.2 B,,,Friede Springer,,64,,Germany,Germany,Berlin,,['Media'],,,,
2007,3,273,3.2 B,,,Steven Udvar-Hazy,,61,,United States,United States,Beverly Hills,,,,,,
2007,3,273,3.2 B,Wexner,Leslie,Leslie Wexner,1937-09-08,69,Male,United States,United States,New Albany,,['Fashion and Retail'],,,False,Increased
2007,3,279,3.1 B,,,Nadhmi Auchi,,69,,United Kingdom,United Kingdom,London,,,,,,
2007,3,279,3.1 B,,,Elena Baturina,,44,,Russia,Russia,Moscow,,['Construction &#38; Engineering'],,,,
2007,3,279,3.1 B,,,Edgar Bronfman,,77,,United States,United States,New York,,['Food'],,,,
2007,3,279,3.1 B,,,Albert Frere,,81,,Belgium,Belgium,Charleroi,,['Investments'],,,,
2007,3,279,3.1 B,,,Dilip Shanghvi,,51,,India,India,Mumbai,,['Pharmaceuticals'],,,,
2007,3,279,3.1 B,,,Michael Ying,,57,,Hong Kong,Hong Kong,Hong Kong,,['Apparel'],,,,
2007,3,279,3.1 B,Yoovidhya,Chaleo,Chaleo Yoovidhya,1932-01-01,75,Male,Thailand,,,,['Food and Beverage'],,,False,Increased
2007,3,287,3.0 B,,,Abdulla Al Futtaim,,0,,United Arab Emirates,United Arab Emirates,Dubai,,,,,,
2007,3,287,3.0 B,,,David &#38; Frederick Barclay,,0,,United Kingdom,United Kingdom,Island of Brecquou,,['Retail'],,,,
2007,3,287,3.0 B,,,Lee Bass,,50,,United States,United States,Fort Worth,,['Oil'],,,,
2007,3,287,3.0 B,,,Sid Bass,,64,,United States,United States,Fort Worth,,['Oil'],,,,
2007,3,287,3.0 B,,,Clive Calder,,60,,United Kingdom,Cayman Islands,,,['Media'],,,,
2007,3,287,3.0 B,,,Francesco Gaetano Caltagirone,,64,,Italy,Italy,Rome,,,,,,
2007,3,287,3.0 B,,,Steven Cohen,,51,,United States,United States,Greenwich,,['Investments'],,,,
2007,3,287,3.0 B,,,Otto Happel,,59,,Germany,Switzerland,Luzerne,,['Construction &#38; Engineering'],,,,
2007,3,287,3.0 B,Hillman,Henry,Henry Hillman,1918-12-25,88,Male,United States,United States,Pittsburgh,,['Investments'],,,False,Increased
2007,3,287,3.0 B,,,Indu Jain,,70,,India,India,New Delhi,,['Media'],,,,
2007,3,287,3.0 B,,,Bruce Kovner,,61,,United States,United States,New York,,['Finance'],,,,
2007,3,287,3.0 B,,,Ronald Lauder,,63,,United States,United States,New York,,['Apparel'],,,,
2007,3,287,3.0 B,,,Fredrik Lundberg,,55,,Sweden,Sweden,Stockholm,,['Investments'],,,,
2007,3,287,3.0 B,,,Dietrich Mateschitz,,62,,Austria,Austria,Fuschl am See,,['Beverages'],,,,
2007,3,287,3.0 B,,,Patrick McGovern,,69,,United States,United States,Hollis,,['Media'],,,,
2007,3,287,3.0 B,,,Arnon Milchan,,62,,Israel,Israel,Tel Aviv,,['Media'],,,,
2007,3,287,3.0 B,,,Mario Moretti Polegato,,54,,Italy,Italy,Crocetta del Montello,,['Apparel'],,,,
2007,3,287,3.0 B,,,A. Jerrold Perenchio,,76,,United States,United States,Bel Air,,['Media'],,,,
2007,3,287,3.0 B,,,Cyrus Poonawalla,,65,,India,India,Pune,,['Pharmaceuticals'],,,,
2007,3,287,3.0 B,Spielberg,Steven,Steven Spielberg,1946-12-18,60,Male,United States,United States,Pacific Palisades,,['Media'],,,False,Increased
2007,3,287,3.0 B,,,Hong Piow Teh,,77,,Malaysia,Malaysia,Kuala Lumpur,,['Finance'],,,,
2007,3,287,3.0 B,,,Wan-Tsai Tsai & family,,77,,Taiwan,Taiwan,Taipei,,['Finance'],,,,
2007,3,287,3.0 B,,,Klaus Tschira,,66,,Germany,Germany,Heidelberg,,['Software'],,,,
2007,3,287,3.0 B,,,Peter Woo & family,,61,,Hong Kong,Hong Kong,Hong Kong,,['Real Estate'],,,,
2007,3,314,2.9 B,,,Mikhail Gutseriev,,49,,Russia,Russia,Moscow,,['Oil'],,,,
2007,3,314,2.9 B,Ingram,Martha,Martha Ingram & family,1935-08-20,71,Female,United States,United States,Nashville,,['Media'],,,False,Increased
2007,3,314,2.9 B,,,Kun-Hee Lee,,65,,South Korea,South Korea,Seoul,,,,,,
2007,3,314,2.9 B,,,Hiroshi Mikitani,,42,,Japan,Japan,,,,,,,
2007,3,314,2.9 B,,,Robert Miller,,61,,Canada,Canada,Montreal,,,,,,
2007,3,314,2.9 B,,,Leng Chan Quek,,66,,Malaysia,Malaysia,Wee,,['Finance'],,,,
2007,3,314,2.9 B,,,Moise Safra,,72,,Brazil,Brazil,,,['Finance'],,,,
2007,3,314,2.9 B,,,Bruno Schroder & family,,74,,United Kingdom,United Kingdom,London,,['Finance'],,,,
2007,3,314,2.9 B,Trump,Donald,Donald Trump,1946-06-14,60,Male,United States,United States,New York,,['Real Estate'],,,False,Increased
2007,3,323,2.8 B,,,Pierre Bellon & family,,77,,France,France,Paris,,,,,,
2007,3,323,2.8 B,,,Carlo Benetton,,63,,Italy,Italy,Treviso,,['Apparel'],,,,
2007,3,323,2.8 B,,,Gilberto Benetton,,65,,Italy,Italy,Treviso,,['Apparel'],,,,
2007,3,323,2.8 B,,,Giuliana Benetton,,69,,Italy,Italy,Treviso,,['Apparel'],,,,
2007,3,323,2.8 B,,,Luciano Benetton,,71,,Italy,Italy,Treviso,,['Apparel'],,,,
2007,3,323,2.8 B,,,Barbara Piasecka Johnson,,70,,United States,Monaco,Monte Carlo,,['Health Care'],,,,
2007,3,323,2.8 B,,,Richard Kinder,,63,,United States,United States,Houston,,['Oil'],,,,
2007,3,323,2.8 B,,,Victor Pinchuk,,46,,Ukraine,Ukraine,Dniepropetrovsk,,,,,,
2007,3,323,2.8 B,,,Mitchell Rales,,50,,United States,United States,Washington,,['Manufacturing'],,,,
2007,3,323,2.8 B,,,Haim Saban,,62,,United States,United States,Beverly Hills,,['Media'],,,,
2007,3,323,2.8 B,,,Takemitsu Takizaki,,61,,Japan,Japan,Osaka,,['Manufacturing'],,,,
2007,3,323,2.8 B,,,Dennis Washington,,72,,United States,United States,Missoula,,['Investments'],,,,
2007,3,323,2.8 B,,,Mortimer Zuckerman,,69,,United States,United States,New York,,['Real Estate'],,,,
2007,3,336,2.7 B,,,Juan Abello,,65,,Spain,Spain,Madrid,,['Investments'],,,,
2007,3,336,2.7 B,,,Riley Bechtel,,55,,United States,United States,San Francisco,,,,,,
2007,3,336,2.7 B,,,Stephen Bechtel,,81,,United States,United States,San Francisco,,,,,,
2007,3,336,2.7 B,,,Charles Dolan & family,,80,,United States,United States,Oyster Bay,,['Media'],,,,
2007,3,336,2.7 B,,,David Gottesman,,80,,United States,United States,Rye,,['Finance'],,,,
2007,3,336,2.7 B,,,Graeme Hart,,51,,New Zealand,New Zealand,New Zealand,,,,,,
2007,3,336,2.7 B,,,Amos Hostetter,,70,,United States,United States,Boston,,['Media'],,,,
2007,3,336,2.7 B,,,Ann Walton Kroenke,,57,,United States,United States,Columbia,,['Retail'],,,,
2007,3,336,2.7 B,,,Sergio Mantegazza,,79,,Switzerland,Switzerland,Lugano,,,,,,
2007,3,336,2.7 B,,,Axel Oberwelland,,40,,Germany,Germany,Berlin,,['Food'],,,,
2007,3,336,2.7 B,,,Steven Rales,,55,,United States,United States,Washington,,['Manufacturing'],,,,
2007,3,336,2.7 B,,,Kjell Inge Rokke,,48,,Norway,Norway,Norway,,['Shipping'],,,,
2007,3,349,2.6 B,,,Abdullah Al Rajhi,,0,,Saudi Arabia,Saudi Arabia,Riyadh,,['Finance'],,,,
2007,3,349,2.6 B,,,Heinz Bauer,,67,,Germany,Germany,Hamburg,,['Media'],,,,
2007,3,349,2.6 B,,,Din Hwa Chen,,84,,Hong Kong,Hong Kong,Hong Kong,,['Real Estate'],,,,
2007,3,349,2.6 B,,,Heinz-Horst Deichmann,,80,,Germany,Germany,Essen,,['Apparel'],,,,
2007,3,349,2.6 B,,,John Dorrance,,63,,Ireland,Ireland,Dublin,,['Food'],,,,
2007,3,349,2.6 B,,,Gabriel Escarrer,,72,,Spain,Spain,Palma de Majorca,,,,,,
2007,3,349,2.6 B,,,Masatoshi Ito,,82,,Japan,Japan,Tokyo,,['Retail'],,,,
2007,3,349,2.6 B,,,Henry Kravis,,63,,United States,United States,New York,,['Finance'],,,,
2007,3,349,2.6 B,,,Shin Cheng Lee,,67,,Malaysia,Malaysia,Jeram,,['Agriculture'],,,,
2007,3,349,2.6 B,,,Che Woo Lui,,77,,Hong Kong,Hong Kong,,,['Construction &#38; Engineering'],,,,
2007,3,349,2.6 B,,,Kalanithi Maran,,41,,India,India,Chennai,,['Media'],,,,
2007,3,349,2.6 B,McCain,Wallace,Wallace McCain,1930-01-01,77,Male,Canada,,,,['Food and Beverage'],,,False,Increased
2007,3,349,2.6 B,,,George Mitchell,,87,,United States,United States,The Woodlands,,['Oil'],,,,
2007,3,349,2.6 B,,,G. M. Rao,,57,,India,India,Bangalore,,['Construction &#38; Engineering'],,,,
2007,3,349,2.6 B,,,George Roberts,,63,,United States,United States,San Francisco,,['Finance'],,,,
2007,3,349,2.6 B,,,David Rockefeller,,91,,United States,United States,New York,,['Oil'],,,,
2007,3,349,2.6 B,Spangler,Clemmie,Clemmie Spangler Jr,1932-04-05,74,Male,United States,United States,Charlotte,,['Investments'],,,False,Increased
2007,3,349,2.6 B,,,Henry Sy & family,,82,,Philippines,Philippines,Manila,,,,,,
2007,3,349,2.6 B,Zobel de Ayala,Jaime,Jaime Zobel de Ayala & family,1934-07-18,72,Male,Philippines,Philippines,Manila,,,,,False,Increased
2007,3,369,2.5 B,,,Majid Al Futtaim,,0,,United Arab Emirates,United Arab Emirates,DUBAI,,['Real Estate'],,,,
2007,3,369,2.5 B,,,Edward Bass,,62,,United States,United States,Fort Worth,,['Oil'],,,,
2007,3,369,2.5 B,,,Ronald Burkle,,54,,United States,United States,Los Angeles,,['Investments'],,,,
2007,3,369,2.5 B,,,Ray Dolby,,74,,United States,United States,San Francisco,,,,,,
2007,3,369,2.5 B,,,Ennio Doris & family,,66,,Italy,Italy,Tombolo,,['Insurance'],,,,
2007,3,369,2.5 B,,,David Filo,,40,,United States,United States,Palo Alto,,,,,,
2007,3,369,2.5 B,,,Paul Tudor Jones,,53,,United States,United States,Greenwich,,['Finance'],,,,
2007,3,369,2.5 B,Kao,Min,Min Kao,1949-01-10,58,Male,United States,United States,Leawood,,['Manufacturing'],,,False,Increased
2007,3,369,2.5 B,,,Joseph Lewis,,70,,United Kingdom,Bahamas,Lyford Cay,,['Finance'],,,,
2007,3,369,2.5 B,,,T. Boone Pickens,,78,,United States,United States,Dallas,,['Energy'],,,,
2007,3,369,2.5 B,,,Richard Rainwater,,62,,United States,United States,Fort Worth,,['Finance'],,,,
2007,3,369,2.5 B,,,Stephen Ross,,66,,United States,United States,New York,,['Real Estate'],,,,
2007,3,369,2.5 B,,,Evgeny (Eugene) Shvidler,,42,,United States,United Kingdom,London,,['Oil'],,,,
2007,3,369,2.5 B,,,Ronda Stryker,,52,,United States,United States,Kalamazoo,,['Health Care'],,,,
2007,3,369,2.5 B,,,John Whittaker,,65,,United Kingdom,United Kingdom,Isle of Man,,['Real Estate'],,,,
2007,3,390,2.4 B,Aponte,Gianluigi &#38; Rafaela,Gianluigi & Rafaela Aponte,,,,Switzerland,Switzerland,Geneva,Logistics,['Logistics'],,,True,Decreased
2007,3,390,2.4 B,,,Charles Bronfman,,75,,Canada,Canada,Montreal,,['Beverages'],,,,
2007,3,390,2.4 B,,,Dhanin Chearavanont,,67,,Thailand,Thailand,Bangkok,,['Agriculture'],,,,
2007,3,390,2.4 B,,,Yan Cheung,,49,,China,Hong Kong,Hong Kong,,['Manufacturing'],,,,
2007,3,390,2.4 B,,,Alexander Frolov,,42,,Russia,Russia,Moscow,,,,,,
2007,3,390,2.4 B,,,Victor Fung,,62,,United States,Hong Kong,Hong Kong,,,,,,
2007,3,390,2.4 B,,,William Fung,,59,,Hong Kong,Hong Kong,Hong Kong,,,,,,
2007,3,390,2.4 B,,,Filaret Galchev,,44,,Russia,Russia,Moscow,,['Manufacturing'],,,,
2007,3,390,2.4 B,,,Savitri Jindal,,57,,India,India,Delhi & Hisar,,,,,,
2007,3,390,2.4 B,,,Mehmet Emin Karamehmet,,62,,Turkey,Turkey,Istanbul,,,,,,
2007,3,390,2.4 B,,,Ming Chung Liu,,44,,Brazil,Hong Kong,Hong Kong,,['Manufacturing'],,,,
2007,3,390,2.4 B,,,Alfred Mann,,81,,United States,United States,Los Angeles,,['Health Care'],,,,
2007,3,390,2.4 B,Smith,Frederick,Frederick Smith,1944-08-11,62,Male,United States,United States,Memphis,,['Logistics'],,,False,Increased
2007,3,390,2.4 B,,,John Sobrato & family,,67,,United States,United States,Atherton,,['Real Estate'],,,,
2007,3,407,2.3 B,,,Subhash Chandra,,56,,India,India,mumbai,,['Media'],,,,
2007,3,407,2.3 B,,,Mark Cuban,,48,,United States,United States,Dallas,,,,,,
2007,3,407,2.3 B,,,Belmiro de Azevedo,,69,,Portugal,Portugal,Oporto,,,,,,
2007,3,407,2.3 B,Fukuda,Yoshitaka,Yoshitaka Fukuda,1947-10-14,59,Male,Japan,Japan,Kyoto,,,,,True,Decreased
2007,3,407,2.3 B,Getty,Gordon,Gordon Getty,1933-12-20,74,Male,United States,United States,San Francisco,,['Energy'],,,False,Increased
2007,3,407,2.3 B,,,Saad Hariri,,36,,Saudi Arabia,Saudi Arabia,Riyadh,,['Construction &#38; Engineering'],,,,
2007,3,407,2.3 B,,,Gunter Herz,,66,,Germany,Germany,Hamburg,,['Retail'],,,,
2007,3,407,2.3 B,,,Nancy Walton Laurie,,55,,United States,United States,Columbia,,['Retail'],,,,
2007,3,407,2.3 B,Malone,Mary Alice Dorrance,Mary Alice Dorrance Malone,1950-02-03,57,Female,United States,United States,Coatesville,,['Food and Beverage'],,,False,Increased
2007,3,407,2.3 B,,,Najib Mikati,,51,,Lebanon,Lebanon,Beirut,,,,,,
2007,3,407,2.3 B,,,Taha Mikati,,0,,Lebanon,Lebanon,Beirut,,,,,,
2007,3,407,2.3 B,,,Stefano Pessina,,65,,Italy,Monaco,Monte Carlo,,['Health Care'],,,,
2007,3,407,2.3 B,,,Thomas Pritzker,,56,,United States,United States,Chicago,,,,,,
2007,3,407,2.3 B,,,Michal Solowow,,44,,Poland,Poland,Kielce,,,,,,
2007,3,407,2.3 B,,,Lucio Tan & family,,72,,Philippines,Philippines,Manila,,,,,,
2007,3,407,2.3 B,,,Glen Taylor,,65,,United States,United States,Mankato,,,,,,
2007,3,407,2.3 B,,,Olav Thon,,83,,Norway,Norway,Oslo,,['Real Estate'],,,,
2007,3,407,2.3 B,,,Harry Triguboff,,74,,Australia,Australia,Sydney,,['Real Estate'],,,,
2007,3,432,2.2 B,,,Emilio Botin,,72,,Spain,Spain,Santander,,['Finance'],,,,
2007,3,432,2.2 B,Butt,Charles,Charles Butt & family,1938-02-03,69,Male,United States,United States,San Antonio,,['Fashion and Retail'],,,False,Remained Even
2007,3,432,2.2 B,,,John Caudwell,,54,,United Kingdom,United Kingdom,Stoke-on-Trent,,,,,,
2007,3,432,2.2 B,,,Mong-Koo Chung,,69,,South Korea,South Korea,Seoul,,['Shipping'],,,,
2007,3,432,2.2 B,,,John de Mol,,52,,Netherlands,Netherlands,Blaricum,,['Media'],,,,
2007,3,432,2.2 B,Dorrance,Bennett,Bennett Dorrance,1946-02-09,58,Male,United States,United States,Paradise Valley,,['Food and Beverage'],,,False,Increased
2007,3,432,2.2 B,,,Philippe Foriel-Destezet,,71,,France,United Kingdom,London,,,,,,
2007,3,432,2.2 B,,,Bahaa Hariri,,40,,Switzerland,Switzerland,Geneva,,,,,,
2007,3,432,2.2 B,,,Daniela Herz,,53,,Germany,Germany,Hamburg,,['Retail'],,,,
2007,3,432,2.2 B,,,Jess Jackson,,77,,United States,United States,Healdsburg,,['Food'],,,,
2007,3,432,2.2 B,,,Uday Kotak,,48,,India,India,Mumbai,,['Finance'],,,,
2007,3,432,2.2 B,,,Marc Ladreit de Lacharriere,,66,,France,France,Paris,,['Finance'],,,,
2007,3,432,2.2 B,Marcus,Bernard,Bernard Marcus,1929-05-12,77,Male,United States,United States,Atlanta,,['Fashion and Retail'],,,False,Remained Even
2007,3,432,2.2 B,,,Richard Marriott,,68,,United States,United States,Potomac,,,,,,
2007,3,432,2.2 B,,,Henry Nicholas,,47,,United States,United States,Laguna Hills,,,,,,
2007,3,432,2.2 B,,,Kazuo Okada & family,,64,,Japan,Japan,Tokyo,,,,,,
2007,3,432,2.2 B,Penske,Roger,Roger Penske,1937-02-20,70,Male,United States,United States,Birmingham,,['Automotive'],,,False,Increased
2007,3,432,2.2 B,,,David Sainsbury,,66,,United Kingdom,United Kingdom,London,,['Retail'],,,,
2007,3,432,2.2 B,Sall,John,John Sall,1948-04-04,57,Male,United States,United States,Cary,,['Technology'],,,False,Increased
2007,3,432,2.2 B,,,Marcel Herrmann Telles,,57,,Brazil,Brazil,Sao Paulo,,['Beverages'],,,,
2007,3,432,2.2 B,,,Jerry Yang,,38,,United States,United States,Los Altos,,,,,,
2007,3,432,2.2 B,Yung,Larry,Larry Yung,1942-01-18,65,Male,China,Hong Kong,Hong Kong,Diversified,['Diversified'],,,False,Increased
2007,3,458,2.1 B,,,Emilio Azcarraga Jean,,39,,Mexico,Mexico,Mexico City,,['Media'],,,,
2007,3,458,2.1 B,,,Vincent Bollore,,54,,France,France,Paris,,['Investments'],,,,
2007,3,458,2.1 B,,,William Randolph Hearst,,57,,United States,United States,San Francisco,,['Media'],,,,
2007,3,458,2.1 B,Huizenga,H. Wayne,H. Wayne Huizenga,1937-12-29,69,Male,United States,United States,Fort Lauderdale,,['Investments'],,,False,Remained Even
2007,3,458,2.1 B,,,Baba Kalyani,,58,,India,India,Pune,,['Construction &#38; Engineering'],,,,
2007,3,458,2.1 B,,,E. Stanley Kroenke,,59,,United States,United States,Columbia,,['Retail'],,,,
2007,3,458,2.1 B,,,Timur Kulibaev,,40,,Kazakhstan,Kazakhstan,Alma-Ata,,['Finance'],,,,
2007,3,458,2.1 B,,,Dinara Kulibaeva,,39,,Kazakhstan,Kazakhstan,Almaty,,['Finance'],,,,
2007,3,458,2.1 B,,,Barry Lam,,57,,Taiwan,Taiwan,,,,,,,
2007,3,458,2.1 B,,,Joseph Lau,,55,,Hong Kong,Hong Kong,Hong Kong,,['Real Estate'],,,,
2007,3,458,2.1 B,,,Sze Lim Li,,50,,Hong Kong,China,Guangzhou,,['Real Estate'],,,,
2007,3,458,2.1 B,Lindner,Carl,Carl Lindner Jr & family,1919-04-22,87,Male,United States,United States,Cincinnati,,['Sports'],,,False,Decreased
2007,3,458,2.1 B,,,John Marriott,,75,,United States,United States,Potomac,,,,,,
2007,3,458,2.1 B,McCaw,Craig,Craig McCaw,1949-08-11,57,Male,United States,United States,Hunts Point,,['Media'],,,False,Remained Even
2007,3,458,2.1 B,,,Alain Merieux & family,,69,,France,France,Lyon,,['Health Care'],,,,
2007,3,458,2.1 B,,,Michael Milken,,60,,United States,United States,Los Angeles,,['Finance'],,,,
2007,3,458,2.1 B,,,Penny Pritzker,,47,,United States,United States,Chicago,,['Investments'],,,,
2007,3,458,2.1 B,,,Sevket Sabanci,,71,,Turkey,Turkey,Istanbul,,,,,,
2007,3,458,2.1 B,,,Henry Samueli,,52,,United States,United States,Newport Beach,,,,,,
2007,3,458,2.1 B,,,Jon Stryker,,48,,United States,United States,Kalamazoo,,['Health Care'],,,,
2007,3,458,2.1 B,,,Wilma Tisch,,79,,United States,United States,New York,,['Investments'],,,,
2007,3,458,2.1 B,,,Li Zhang,,53,,China,China,Guangzhou,,['Real Estate'],,,,
2007,3,458,2.1 B,,,Igor Zyuzin,,46,,Russia,Russia,Moscow,,,,,,
2007,3,488,2.0 B,Allen,Herbert,"Herbert Allen, Jr. & family",1940-01-01,67,Male,United States,United States,New York,Investments,['Investments                   '],,,False,Increased
2007,3,488,2.0 B,,,Vasily Anisimov,,55,,Russia,Russia,Moscow,,,,,,
2007,3,488,2.0 B,Aramburuzabala,Maria Asuncion,Maria Asuncion Aramburuzabala & family,1963-05-02,43,Female,Mexico,Mexico,Mexico City,Food and Beverage,['Food and Beverage'],,,False,Remained Even
2007,3,488,2.0 B,,,Michael Ashley,,47,,United Kingdom,United Kingdom,Hertfordshire,,['Retail'],,,,
2007,3,488,2.0 B,,,Leon Black,,56,,United States,United States,New York,,['Finance'],,,,
2007,3,488,2.0 B,Brandes,Charles,Charles Brandes,1943-03-02,64,Male,United States,United States,San Diego,,['Investments'],,,False,Remained Even
2007,3,488,2.0 B,,,Christopher Chandler,,47,,New Zealand,New Zealand,"Monaco, Dubai",,['Investments'],,,,
2007,3,488,2.0 B,Chandler,Richard,Richard Chandler,1959-01-01,49,Male,New Zealand,Singapore,,,['Investments'],,,False,
2007,3,488,2.0 B,,,Phoebe Hearst Cooke,,80,,United States,United States,San Francisco,,['Media'],,,,
2007,3,488,2.0 B,,,Mark Coombs,,46,,United Kingdom,United Kingdom,London,,['Finance'],,,,
2007,3,488,2.0 B,,,Leszek Czarnecki,,45,,Poland,Poland,Wroclaw,,['Finance'],,,,
2007,3,488,2.0 B,,,Jim Davis & family,,63,,United States,United States,Newton,,['Apparel'],,,,
2007,3,488,2.0 B,DeBartolo,Edward,Edward DeBartolo Jr,1946-11-06,60,Male,United States,United States,Tampa,,['Real Estate'],,,False,Increased
2007,3,488,2.0 B,,,Stanley Druckenmiller,,54,,United States,United States,New York,,['Finance'],,,,
2007,3,488,2.0 B,,,Barbara Carlson Gage & family,,64,,United States,United States,Minneapolis,,,,,,
2007,3,488,2.0 B,Glazer,Malcolm,Malcolm Glazer & family,1928-08-15,78,Male,United States,United States,Palm Beach,,['Sports'],,,False,Increased
2007,3,488,2.0 B,,,Tom Gores,,42,,United States,United States,Beverly Hills,,['Finance'],,,,
2007,3,488,2.0 B,,,Austin Hearst,,54,,United States,United States,New York,,['Media'],,,,
2007,3,488,2.0 B,,,David Hearst,,61,,United States,United States,Los Angeles,,['Media'],,,,
2007,3,488,2.0 B,,,George Hearst,,79,,United States,United States,Los Angeles,,['Media'],,,,
2007,3,488,2.0 B,,,Roberto Hernandez Ramirez,,65,,Mexico,Mexico,Mexico City,,['Finance'],,,,
2007,3,488,2.0 B,Kim,James,James Kim & family,1936-01-08,71,Male,United States,United States,Bryn Mawr,,['Technology'],,,False,Increased
2007,3,488,2.0 B,,,Vincent Lo,,58,,Hong Kong,Hong Kong,Hong Kong,,['Real Estate'],,,,
2007,3,488,2.0 B,,,John Malone,,66,,United States,United States,Parker,,['Media'],,,,
2007,3,488,2.0 B,,,Clayton Mathile,,66,,United States,United States,Dayton,,['Food'],,,,
2007,3,488,2.0 B,,,Marilyn Carlson Nelson & family,,67,,United States,United States,Minneapolis,,,,,,
2007,3,488,2.0 B,,,Rubens Ometto Silveira Mello,,0,,Brazil,Brazil,Sao Paulo,,['Agriculture'],,,,
2007,3,488,2.0 B,,,Liselott Persson,,57,,Sweden,Sweden,Stockholm,,['Retail'],,,,
2007,3,488,2.0 B,,,Anthony Pritzker,,46,,United States,United States,Los Angeles,,['Investments'],,,,
2007,3,488,2.0 B,,,Daniel Pritzker,,48,,United States,United States,Marin County,,['Investments'],,,,
2007,3,488,2.0 B,,,James Pritzker,,55,,United States,United States,Chicago,,['Investments'],,,,
2007,3,488,2.0 B,,,Jay Robert (J.B.) Pritzker,,42,,United States,United States,Evanston,,['Investments'],,,,
2007,3,488,2.0 B,,,Jean (Gigi) Pritzker,,45,,United States,United States,Chicago,,['Investments'],,,,
2007,3,488,2.0 B,,,John Pritzker,,54,,United States,United States,San Francisco,,['Investments'],,,,
2007,3,488,2.0 B,,,Karen Pritzker,,49,,United States,United States,New Haven,,['Investments'],,,,
2007,3,488,2.0 B,,,Linda Pritzker,,53,,United States,United States,St. Ignatius,,['Investments'],,,,
2007,3,488,2.0 B,,,Carlos Alberto Sicupira,,59,,Brazil,Brazil,Sao Paulo,,['Beverages'],,,,
2007,3,488,2.0 B,,,Malvinder &#38; Shivinder Singh,,0,,India,India,Dehli,,['Pharmaceuticals'],,,,
2007,3,488,2.0 B,,,Sarik Tara,,76,,Turkey,Turkey,Istanbul,,['Construction &#38; Engineering'],,,,
2007,3,488,2.0 B,Taubman,A. Alfred,Alfred Taubman,1924-01-31,83,Male,United States,United States,Bloomfield Hills,,['Real Estate'],,,False,Increased
2007,3,488,2.0 B,,,"Robert E ""Ted"" Turner",,68,,United States,United States,Lamont,,['Media'],,,,
2007,3,488,2.0 B,,,Albert von Thurn und Taxis,,23,,Germany,Germany,Regensburg,,,,,,
2007,3,488,2.0 B,,,Jindong Zhang,,44,,China,China,Nanjing,,['Manufacturing'],,,,
2007,3,538,1.9 B,Abraham,S. Daniel,S. Daniel Abraham,1924-08-15,82,Male,United States,United States,Palm Beach,,['Food and Beverage'],,,False,Increased
2007,3,538,1.9 B,Anderson,John,John Anderson,1917-09-12,89,Male,United States,,,,['Investments'],,,False,Increased
2007,3,538,1.9 B,,,Julio Bozano,,71,,Brazil,Brazil,Rio de Janeiro,,['Finance'],,,,
2007,3,538,1.9 B,,,Patokh Chodiev,,54,,Belgium,Kazakhstan,Almaty,,,,,,
2007,3,538,1.9 B,,,Abilio dos Santos Diniz,,70,,Brazil,Brazil,Sao Paulo,,['Retail'],,,,
2007,3,538,1.9 B,,,Gustaf Douglas,,69,,Sweden,Sweden,Stockholm,,,,,,
2007,3,538,1.9 B,,,Hans-Werner Hector,,67,,Germany,Germany,Weinheim,,,,,,
2007,3,538,1.9 B,,,Alijan Ibragimov,,53,,Kazakhstan,Kazakhstan,Almaty,,,,,,
2007,3,538,1.9 B,,,Stephen Jarislowsky,,81,,Canada,Canada,Montreal,,['Finance'],,,,
2007,3,538,1.9 B,,,Daryl Katz,,45,,Canada,Canada,Edmonton,,['Retail'],,,,
2007,3,538,1.9 B,,,Alexander Machkevich,,53,,Israel,Kazakhstan,Almaty,,,,,,
2007,3,538,1.9 B,,,Charles Munger,,83,,United States,United States,Los Angeles,,['Finance'],,,,
2007,3,538,1.9 B,,,Florentino Perez,,60,,Spain,Spain,Madrid,,['Construction &#38; Engineering'],,,,
2007,3,538,1.9 B,Saul,Bernard,"Bernard Saul, II.",1932-03-30,74,Male,United States,United States,Chevy Chase,Investments,['Investments                   '],Saul Centers Inc.,Chairman and CEO,False,Increased
2007,3,538,1.9 B,,,Sylvia Stroher,,52,,Germany,Germany,Darmstadt,,['Retail'],,,,
2007,3,538,1.9 B,,,Andreas von Bechtolsheim,,51,,Germany,United States,Palo Alto,,,,,,
2007,3,557,1.8 B,,,Jose Maria Aristrain,,44,,Spain,Spain,Madrid,,['Manufacturing'],,,,
2007,3,557,1.8 B,,,Dermot Desmond,,57,,Ireland,Ireland,,,['Investments'],,,,
2007,3,557,1.8 B,Frist,Thomas,Thomas Frist Jr & family,1938-08-12,68,Male,United States,United States,Nashville,,['Health care'],,,False,Increased
2007,3,557,1.8 B,,,John Gandel,,72,,Australia,Australia,Melbourne,,['Real Estate'],,,,
2007,3,557,1.8 B,,,B. Thomas Golisano,,65,,United States,United States,Victor,,,,,,
2007,3,557,1.8 B,,,Ingeburg Herz,,87,,Germany,Germany,Hamburg,,['Retail'],,,,
2007,3,557,1.8 B,,,Myung-Hee Lee,,63,,South Korea,South Korea,Seoul,,['Retail'],,,,
2007,3,557,1.8 B,,,John Morgridge,,73,,United States,United States,Portola Valley,,,,,,
2007,3,557,1.8 B,,,N.R. Narayana Murthy,,60,,India,India,Bangalore,,['Software'],,,,
2007,3,557,1.8 B,Nardone,Randal,Randal Nardone,1955-06-22,51,Male,United States,United States,New York,,,,,True,
2007,3,557,1.8 B,Perez,Jorge,Jorge Perez,1948-10-17,58,Male,United States,United States,Miami,,,,,False,Increased
2007,3,557,1.8 B,,,Stanley Perron,,84,,Australia,Australia,Perth,,['Real Estate'],,,,
2007,3,557,1.8 B,,,Edward Roski,,68,,United States,United States,Los Angeles,,['Real Estate'],,,,
2007,3,557,1.8 B,,,Emanuele (Lino) Saputo,,70,,Canada,Canada,Quebec,,['Food'],,,,
2007,3,557,1.8 B,,,Dong-Bin Shin,,52,,South Korea,South Korea,Seoul,,['Retail'],,,,
2007,3,557,1.8 B,,,Dorothea Steinbruch & family,,0,,Brazil,Brazil,Sao Paulo,,,,,,
2007,3,557,1.8 B,,,Pat Stryker,,50,,United States,United States,Larimer,,['Health Care'],,,,
2007,3,557,1.8 B,,,Albert Ueltschi,,89,,United States,United States,Vero Beach,,,,,,
2007,3,557,1.8 B,,,William Wrigley,,43,,United States,United States,Lake Forest,,['Food'],,,,
2007,3,557,1.8 B,,,Ahmet Nazif Zorlu,,62,,Turkey,Turkey,Istanbul,,,,,,
2007,3,583,1.7 B,,,Alexei Ananyev,,42,,Russia,Russia,Moscow,,['Finance'],,,,
2007,3,583,1.7 B,,,Dmitry Ananyev,,38,,Russia,Russia,Moscow,,['Finance'],,,,
2007,3,583,1.7 B,,,George Argyros,,70,,United States,United States,Newport Beach,,['Real Estate'],,,,
2007,3,583,1.7 B,,,Mang Yee Chu,,48,,China,China,Guangzhou,,['Real Estate'],,,,
2007,3,583,1.7 B,,,Gerald J. Ford,,62,,United States,United States,Dallas,,['Finance'],,,,
2007,3,583,1.7 B,,,Sergei Galitsky,,39,,Russia,Russia,Krasnodar,,['Retail'],,,,
2007,3,583,1.7 B,,,Rolf Gerling,,52,,Germany,Switzerland,Zurich,,['Insurance'],,,,
2007,3,583,1.7 B,,,Kenneth Griffin,,38,,United States,United States,Chicago,,['Investments'],,,,
2007,3,583,1.7 B,,,Stanley Stub Hubbard,,73,,United States,United States,St. Mary's Point,,['Media'],,,,
2007,3,583,1.7 B,Jacobs,Irwin,Irwin Jacobs,1933-10-18,73,Male,United States,United States,La Jolla,,['Technology'],,,False,Decreased
2007,3,583,1.7 B,,,Michael Jaharis,,79,,United States,United States,New York,,['Pharmaceuticals'],,,,
2007,3,583,1.7 B,,,James Jannard,,57,,United States,United States,San Juan Islands,,['Apparel'],,,,
2007,3,583,1.7 B,Keinath,Pauline MacMillan,Pauline MacMillan Keinath,1934-01-01,73,Female,United States,United States,St. Louis,,['Food and Beverage'],,,False,Increased
2007,3,583,1.7 B,,,Michael Krasny,,53,,United States,United States,Highland Park,,,,,,
2007,3,583,1.7 B,,,Mike Lazaridis,,46,,Canada,Canada,Waterloo,,,,,,
2007,3,583,1.7 B,,,Jay Y. Lee,,38,,South Korea,South Korea,Seoul,,,,,,
2007,3,583,1.7 B,,,Patrick Lee,,0,,Hong Kong,Hong Kong,Hong Kong,,['Manufacturing'],,,,
2007,3,583,1.7 B,MacMillan,Cargill,"Cargill MacMillan, Jr.",1927-03-29,79,Male,United States,,,Food and Beverage,['Food and Beverage'],,,False,Increased
2007,3,583,1.7 B,,,Whitney MacMillan,,78,,United States,United States,Minneapolis,,['Agriculture'],,,,
2007,3,583,1.7 B,,,Gregorio Perez Companc & family,,72,,Argentina,Argentina,Buenos Aires,,,,,,
2007,3,583,1.7 B,Pictet,Marion MacMillan,Marion MacMillan Pictet,,75,Female,United States,,,Food and Beverage,['Food and Beverage'],,,False,Increased
2007,3,583,1.7 B,,,Dong-Joo Shin,,53,,South Korea,Japan,,,['Retail'],,,,
2007,3,583,1.7 B,,,Kavitark Ram Shriram,,51,,United States,United States,Mountain View,,,,,,
2007,3,583,1.7 B,,,Andrei Skoch,,41,,Russia,Russia,Moscow,,,,,,
2007,3,583,1.7 B,,,Sheldon Solow,,78,,United States,United States,New York,,['Real Estate'],,,,
2007,3,583,1.7 B,,,Beny Steinmetz,,50,,Israel,Israel,Belgium,,,,,,
2007,3,583,1.7 B,,,Tiong Lay Yeoh & family,,77,,Malaysia,Malaysia,,,['Construction &#38; Engineering'],,,,
2007,3,583,1.7 B,,,Sheng jian Zhong,,48,,Singapore,Singapore,Singapore,,['Real Estate'],,,,
2007,3,618,1.6 B,,,Bassam Alghanim,,0,,Kuwait,Kuwait,Kuwait City,,['Finance'],,,,
2007,3,618,1.6 B,,,Kutayba Alghanim,,60,,Kuwait,Kuwait,Kuwait City,,,,,,
2007,3,618,1.6 B,,,James Balsillie,,46,,Canada,Canada,Waterloo,,,,,,
2007,3,618,1.6 B,,,Neil Bluhm,,69,,United States,United States,Chicago,,['Real Estate'],,,,
2007,3,618,1.6 B,Burrell,Gary,Gary Burrell,1937-08-24,69,Male,United States,United States,Spring Hill,Manufacturing,['Manufacturing'],Garmin Corporation,Chairman Emeritus,False,Increased
2007,3,618,1.6 B,,,Alan Casden,,61,,United States,United States,Beverly Hills,,['Real Estate'],,,,
2007,3,618,1.6 B,,,Jean Coutu,,79,,Canada,Canada,Quebec,,['Retail'],,,,
2007,3,618,1.6 B,,,Venugopal Dhoot,,55,,India,India,Mumbai,,['Manufacturing'],,,,
2007,3,618,1.6 B,,,Aydin Dogan,,70,,Turkey,Turkey,Istanbul,,['Media'],,,,
2007,3,618,1.6 B,,,James Dyson,,59,,United Kingdom,United Kingdom,Gloucestershire,,,,,,
2007,3,618,1.6 B,,,"Archie Aldis ""Red"" Emmerson",,77,,United States,United States,Anderson,,['Real Estate'],,,,
2007,3,618,1.6 B,,,Tetsuro Funai,,80,,Japan,Japan,Osaka,,['Manufacturing'],,,,
2007,3,618,1.6 B,,,Donald Hall,,78,,United States,United States,Mission Hills,,['Manufacturing'],,,,
2007,3,618,1.6 B,,,Aymin Hariri,,28,,Saudi Arabia,Saudi Arabia,Riyadh,,,,,,
2007,3,618,1.6 B,,,Fahd Hariri,,26,,Lebanon,France,Paris,,,,,,
2007,3,618,1.6 B,,,Jonathan Harmsworth,,39,,United Kingdom,United Kingdom,London,,['Media'],,,,
2007,3,618,1.6 B,,,Alfredo Harp Helu & family,,63,,Mexico,Mexico,Mexico City,,['Finance'],,,,
2007,3,618,1.6 B,,,Elie Horn,,61,,Brazil,Brazil,Sao Paulo,,['Real Estate'],,,,
2007,3,618,1.6 B,Huntsman,Jon,Jon Huntsman,1937-06-21,69,Male,United States,United States,Salt Lake City,,,,,False,Remained Even
2007,3,618,1.6 B,,,H. Fisk Johnson,,48,,United States,United States,Racine,,['Manufacturing'],,,,
2007,3,618,1.6 B,,,Imogene Powers Johnson,,77,,United States,United States,Racine,,['Manufacturing'],,,,
2007,3,618,1.6 B,,,S. Curtis Johnson,,51,,United States,United States,Racine,,['Manufacturing'],,,,
2007,3,618,1.6 B,,,Helen Johnson-Leipold,,50,,United States,United States,Racine,,['Manufacturing'],,,,
2007,3,618,1.6 B,,,Winnie Johnson-Marquart,,47,,United States,United States,Virginia Beach,,['Manufacturing'],,,,
2007,3,618,1.6 B,Lerner,Nancy,Nancy Lerner,1960-04-20,46,Female,United States,United States,Cleveland,,['Finance'],,,False,Increased
2007,3,618,1.6 B,Lerner,Norma,Norma Lerner,1936-03-28,70,Female,United States,United States,Cleveland,,['Finance'],,,False,Increased
2007,3,618,1.6 B,Lerner,Randolph,Randolph Lerner,1962-02-21,44,Male,United States,United States,Cleveland,,['Finance'],,,False,Increased
2007,3,618,1.6 B,Lindemann,George,George Lindemann & family,1936-03-26,71,Male,United States,United States,Palm Beach,,['Investments'],,,False,Increased
2007,3,618,1.6 B,,,Kenneth Morrison,,75,,United Kingdom,United Kingdom,Bradford,,['Retail'],,,,
2007,3,618,1.6 B,Olenicoff,Igor,Igor Olenicoff,1942-09-21,64,Male,United States,United States,Lighthouse Point,,['Real Estate'],,,False,
2007,3,618,1.6 B,,,Nicholas Pritzker,,63,,United States,United States,Chicago,,['Investments'],,,,
2007,3,618,1.6 B,,,Steven Roth,,65,,United States,United States,New York,,['Real Estate'],,,,
2007,3,618,1.6 B,,,Dieter Schnabel,,61,,Germany,Germany,Hamburg,,['Chemicals'],,,,
2007,3,618,1.6 B,,,Antonio Luiz Seabra,,64,,Brazil,United Kingdom,London,,['Retail'],,,,
2007,3,618,1.6 B,Smith,O. Bruton,O. Bruton Smith & family,1927-03-02,80,Male,United States,United States,Charlotte,Automotive,['Automotive'],,,True,Increased
2007,3,618,1.6 B,,,Arne Wilhelmsen & family,,76,,Norway,Norway,Oslo,,['Shipping'],,,,
2007,3,618,1.6 B,,,Cheng Fei Zhang,,39,,China,China,Dongguan,,['Manufacturing'],,,,
2007,3,664,1.5 B,,,Mohammed Al Rajhi,,0,,Saudi Arabia,Saudi Arabia,Riyadh,,['Finance'],,,,
2007,3,664,1.5 B,Alexander,Leslie,Leslie Alexander,1943-06-30,63,Male,United States,United States,Houston,Sports,['Sports'],,,True,
2007,3,664,1.5 B,,,Amar Bose,,77,,United States,United States,Framingham,,['Manufacturing'],,,,
2007,3,664,1.5 B,Boyd,William,William Boyd & family,1931-11-04,75,Male,United States,United States,Las Vegas,,,,,False,Increased
2007,3,664,1.5 B,,,Oleg Boyko,,42,,Russia,Russia,Moscow,,,,,,
2007,3,664,1.5 B,,,Peter Buck,,76,,United States,United States,Danbury,,['Food'],,,,
2007,3,664,1.5 B,,,Turgay Ciner,,51,,Turkey,Turkey,Istanbul,,,,,,
2007,3,664,1.5 B,DeLuca,Fred,Fred DeLuca,1947-10-03,59,Male,United States,United States,Fort Lauderdale,,['Food and Beverage'],,,False,Remained Even
2007,3,664,1.5 B,,,Gleb Fetisov,,40,,Russia,Russia,Moscow,,,,,,
2007,3,664,1.5 B,,,John Fisher,,45,,United States,United States,San Francisco,,['Retail'],,,,
2007,3,664,1.5 B,Green,David,David Green,1941-11-13,65,Male,United States,United States,Oklahoma City,,['Fashion and Retail'],,,False,Decreased
2007,3,664,1.5 B,,,Guangchang Guo,,40,,China,China,Shanghai,,,,,,
2007,3,664,1.5 B,,,R. Budi Hartono,,66,,Indonesia,Indonesia,Kudus,,,,,,
2007,3,664,1.5 B,,,Douglas Hsu,,65,,Taiwan,Taiwan,Taipei,,,,,,
2007,3,664,1.5 B,Ilitch,Michael,Michael & Marian Ilitch,1929-07-20,77,Male,United States,United States,Bingham Farms,,['Food and Beverage'],,,False,
2007,3,664,1.5 B,Kelley,Brad,Brad Kelley,1956-12-23,50,Male,United States,United States,Franklin,,['Real Estate'],,,False,Increased
2007,3,664,1.5 B,Kellogg,William,William Kellogg,1943-07-08,63,Male,United States,United States,Oconomowoc,,['Fashion and Retail'],,,False,Increased
2007,3,664,1.5 B,,,Andrei Kozitsyn,,46,,Russia,Russia,Yekaterinburg,,,,,,
2007,3,664,1.5 B,,,Guy Laliberte,,47,,Canada,Canada,Montreal,,['Media'],,,,
2007,3,664,1.5 B,,,Guilherme Peirao Leal,,56,,Brazil,Brazil,Sao Paulo,,['Retail'],,,,
2007,3,664,1.5 B,Leprino,James,James Leprino,1937-11-22,70,Male,United States,United States,Indian Hills,,['Food and Beverage'],,,False,Increased
2007,3,664,1.5 B,,,Theodore Lerner,,81,,United States,United States,Washington,,['Real Estate'],,,,
2007,3,664,1.5 B,,,Yongxing Liu,,58,,China,China,Chengdu,,['Agriculture'],,,,
2007,3,664,1.5 B,,,Vijay Mallya,,51,,India,India,Bangalore,,['Beverages'],,,,
2007,3,664,1.5 B,McClendon,Aubrey,Aubrey McClendon,1959-07-14,48,Male,United States,United States,Oklahoma City,,['Energy'],,,False,
2007,3,664,1.5 B,,,Robert McNair,,70,,United States,United States,Houston,,['Oil'],,,,
2007,3,664,1.5 B,,,Michael Price,,54,,United States,United States,Far Hills,,['Finance'],,,,
2007,3,664,1.5 B,,,Stewart Rahr,,61,,United States,United States,New York,,['Pharmaceuticals'],,,,
2007,3,664,1.5 B,,,James Ratcliffe,,54,,United Kingdom,United Kingdom,Hampshire,,['Chemicals'],,,,
2007,3,664,1.5 B,,,Trevor Rees-Jones,,56,,United States,United States,Dallas,,['Oil'],,,,
2007,3,664,1.5 B,,,Robert Rich,,66,,United States,United States,Islamorada,,['Food'],,,,
2007,3,664,1.5 B,,,Hans Riegel,,84,,Germany,Germany,Bonn,,['Food'],,,,
2007,3,664,1.5 B,,,Hajime Satomi,,65,,Japan,Japan,Toyko,,,,,,
2007,3,664,1.5 B,,,Samih Sawiris,,50,,Egypt,Egypt,Cairo,,,,,,
2007,3,664,1.5 B,,,Thomas Siebel,,54,,United States,United States,San Mateo,,,,,,
2007,3,664,1.5 B,Simon,Herbert,Herbert Simon,1934-10-23,72,Male,United States,United States,Indianapolis,,['Real Estate'],,,False,Increased
2007,3,664,1.5 B,,,Zygmunt Solorz-Zak,,50,,Poland,Poland,Warsaw,,['Media'],,,,
2007,3,664,1.5 B,,,Nurzhan Subkhanberdin,,41,,Kazakhstan,Kazakhstan,Alma-Ata,,['Finance'],,,,
2007,3,664,1.5 B,,,David Tepper,,49,,United States,United States,Chatham,,['Finance'],,,,
2007,3,664,1.5 B,,,Martin Viessmann,,53,,Germany,Germany,Allendorf,,['Manufacturing'],,,,
2007,3,664,1.5 B,Winfrey,Oprah,Oprah Winfrey,1954-01-29,53,Female,United States,United States,Chicago,,['Media'],,,False,Increased
2007,3,664,1.5 B,,,Daniel Ziff,,35,,United States,United States,New York,,['Investments'],,,,
2007,3,664,1.5 B,Ziff,Dirk,Dirk Ziff,1964-04-01,42,Male,United States,United States,North Palm Beach,,['Investments'],,,False,Remained Even
2007,3,664,1.5 B,,,Robert Ziff,,40,,United States,United States,New York,,['Investments'],,,,
2007,3,717,1.4 B,,,Semahat Arsel,,78,,Turkey,Turkey,Istanbul,,,,,,
2007,3,717,1.4 B,Blank,Arthur,Arthur Blank,1942-09-27,64,Male,United States,United States,Atlanta,,['Sports'],,,False,Increased
2007,3,717,1.4 B,,,David Cheriton,,55,,Canada,United States,,,,,,,
2007,3,717,1.4 B,Cook,Scott,Scott Cook,1952-07-26,54,Male,United States,United States,Woodside,Technology,['Technology                    '],,,False,Increased
2007,3,717,1.4 B,,,Barry Diller,,65,,United States,United States,New York,,['Media'],,,,
2007,3,717,1.4 B,Farmer,Richard,Richard Farmer,1934-11-22,72,Male,United States,United States,Cincinnati,,,,,True,Increased
2007,3,717,1.4 B,Fisher,Robert,Robert Fisher,1953-08-01,53,Male,United States,United States,San Francisco,Service,['Service'],Gap,Director,False,Increased
2007,3,717,1.4 B,Fisher,William,William Fisher,1957-04-01,49,Male,United States,United States,San Francisco,Retail,['Retail'],Gap,Director,False,Increased
2007,3,717,1.4 B,,,Robert Friedland,,56,,United States,Singapore,Singapore,,,,,,
2007,3,717,1.4 B,Frost,Phillip,Phillip Frost,1936-11-11,70,Male,United States,United States,Miami Beach,,['Health care'],,,False,Increased
2007,3,717,1.4 B,,,Alan Gerry,,77,,United States,United States,Liberty,,['Media'],,,,
2007,3,717,1.4 B,Goldsbury,Christopher,Christopher Goldsbury,1943-01-01,64,Male,United States,United States,San Antonio,,['Food and Beverage'],,,False,Increased
2007,3,717,1.4 B,,,Marguerite Harbert,,83,,United States,United States,Birmingham,,,,,,
2007,3,717,1.4 B,,,Joseph Jamail,,81,,United States,United States,Houston,,,,,,
2007,3,717,1.4 B,,,Ryoichi Jinnai,,80,,Japan,Japan,Hokkaido,,['Finance'],,,,
2007,3,717,1.4 B,,,Vyacheslav Kantor,,53,,Russia,Switzerland,Geneva,,['Chemicals'],,,,
2007,3,717,1.4 B,,,Rahmi Koc,,76,,Turkey,Turkey,Istanbul,,,,,,
2007,3,717,1.4 B,,,Lev Kvetnoi,,41,,Russia,Russia,Moscow,,,,,,
2007,3,717,1.4 B,,,Thomas Lee,,62,,United States,United States,New York,,['Finance'],,,,
2007,3,717,1.4 B,Lewis,Peter,Peter Lewis,1933-11-11,73,Male,United States,United States,Coconut Grove,Logistics,['Logistics'],,,False,Decreased
2007,3,717,1.4 B,,,Joseph Mansueto,,50,,United States,United States,Chicago,,['Media'],,,,
2007,3,717,1.4 B,,,Gary Michelson,,58,,United States,United States,Los Angeles,,['Health Care'],,,,
2007,3,717,1.4 B,,,Shigenobu Nagamori,,53,,Japan,Japan,,,['Manufacturing'],,,,
2007,3,717,1.4 B,,,Vikas Oberoi,,36,,India,India,Mumbai,,['Real Estate'],,,,
2007,3,717,1.4 B,,,Nelson Peltz,,64,,United States,United States,Bedford,,['Finance'],,,,
2007,3,717,1.4 B,,,Clayton Riddell,,69,,Canada,Canada,Calgary,,['Oil'],,,,
2007,3,717,1.4 B,,,Phillip Ruffin,,71,,United States,United States,Wichita,,,,,,
2007,3,717,1.4 B,,,Kerry Stokes,,65,,Australia,Australia,Perth,,['Construction &#38; Engineering'],,,,
2007,3,717,1.4 B,,,Todd Wagner,,46,,United States,United States,Dallas,,,,,,
2007,3,717,1.4 B,,,Dean White,,83,,United States,United States,Crown Point,,,,,,
2007,3,754,1.3 B,,,Syed Mokhtar AlBukhary,,55,,Malaysia,Malaysia,Kuala Lumpur,,,,,,
2007,3,754,1.3 B,,,Carl Berg,,69,,United States,United States,Atherton,,['Real Estate'],,,,
2007,3,754,1.3 B,Brown,John,John Brown,1934-09-15,72,Male,United States,United States,Portage,Health care,['Health care'],,,False,Returned to List
2007,3,754,1.3 B,,,Lam Yiu Chu,,37,,China,Hong Kong,Hong Kong,,['Manufacturing'],,,,
2007,3,754,1.3 B,,,Mong-Joon Chung,,55,,South Korea,South Korea,Ulsan,,['Shipping'],,,,
2007,3,754,1.3 B,,,Richard Desmond,,55,,United Kingdom,United Kingdom,London,,['Media'],,,,
2007,3,754,1.3 B,Edwards,N. Murray,N. Murray Edwards,1959-12-10,47,Male,Canada,Canada,Calgary,,['Energy'],,,False,Decreased
2007,3,754,1.3 B,,,Kenneth Fisher,,56,,United States,United States,Woodside,,['Finance'],,,,
2007,3,754,1.3 B,,,Andrew Forrest,,45,,Australia,Australia,Perth,,,,,,
2007,3,754,1.3 B,,,Soichiro Fukutake,,61,,Japan,Japan,Okayama,,,,,,
2007,3,754,1.3 B,Hayne,Richard,Richard Hayne,1947-09-01,59,Male,United States,United States,Philadelphia,Fashion and Retail,['Fashion and Retail            '],Urban Outfitters Inc.,"Chairman, President & Chief Executive Officer",False,Decreased
2007,3,754,1.3 B,,,William Hilton,,79,,United States,United States,Los Angeles,,,,,,
2007,3,754,1.3 B,,,Vladimir Iorikh,,48,,Russia,Russia,Moscow,,,,,,
2007,3,754,1.3 B,Jones,Jerral,Jerry Jones,1942-10-13,64,Male,United States,United States,Dallas,,['Sports'],,,False,Increased
2007,3,754,1.3 B,,,Nasser Khalili,,61,,United Kingdom,United Kingdom,London,,,,,,
2007,3,754,1.3 B,Koch,William,William Koch,1940-05-03,67,Male,United States,United States,Palm Beach,,['Energy'],,,False,
2007,3,754,1.3 B,,,Robert Kraft,,65,,United States,United States,Brookline,,['Manufacturing'],,,,
2007,3,754,1.3 B,,,Richard Li,,40,,Hong Kong,Hong Kong,Hong Kong,,,,,,
2007,3,754,1.3 B,Magness,Gary,Gary Magness,1954-02-26,53,Male,United States,United States,Denver,Media,['Media                         '],,,False,Returned to List
2007,3,754,1.3 B,McCombs,"Billy Joe ""Red""",Billy Joe (Red) McCombs,1927-10-19,79,Male,United States,United States,San Antonio,,['Media'],,,False,Increased
2007,3,754,1.3 B,,,Drayton McLane,,70,,United States,United States,Temple,,['Retail'],,,,
2007,3,754,1.3 B,Menon,P.N.C.,P.N.C. Menon,1948-11-17,58,Male,Oman,United Arab Emirates,Dubai,Real Estate,['Real Estate'],,,True,
2007,3,754,1.3 B,,,Nandan Nilekani,,51,,India,India,Bangalore,,['Software'],,,,
2007,3,754,1.3 B,,,Ferit Sahenk,,43,,Turkey,Turkey,Istanbul,,['Finance'],,,,
2007,3,754,1.3 B,Schneider,Donald,Donald Schneider,1935-10-19,71,Male,United States,,,Logistics,['Logistics'],,,False,Increased
2007,3,754,1.3 B,,,Walter Scott,,75,,United States,United States,Omaha,,,,,,
2007,3,754,1.3 B,,,Peter Unger,,62,,Germany,Germany,Weiden,,,,,,
2007,3,754,1.3 B,,,Hope Hill van Beuren,,73,,United States,United States,Middletown,,['Food'],,,,
2007,3,754,1.3 B,,,Joop van den Ende,,65,,Netherlands,Netherlands,,,['Media'],,,,
2007,3,754,1.3 B,,,Charlotte Colket Weber,,64,,United States,United States,Ocala,,['Food'],,,,
2007,3,754,1.3 B,,,Margaret Whitman,,50,,United States,United States,Atherton,,,,,,
2007,3,754,1.3 B,,,Jiayin Xu,,49,,China,China,Guangzhou,,['Real Estate'],,,,
2007,3,799,1.2 B,Ansin,Edmund,Edmund Ansin,1936-03-09,71,Male,United States,United States,Miami Beach,,['Media'],,,False,Increased
2007,3,799,1.2 B,,,Thomas Bailey,,70,,United States,United States,Aspen,,['Finance'],,,,
2007,3,799,1.2 B,,,Henadiy Boholyubov,,45,,Ukraine,Ukraine,,,,,,,
2007,3,799,1.2 B,Cathy,S. Truett,S. Truett Cathy,1921-03-14,86,Male,United States,United States,Hampton,Food and Beverage,['Food and Beverage'],,,False,
2007,3,799,1.2 B,,,William Connor,,57,,United States,Hong Kong,Hong Kong,,,,,,
2007,3,799,1.2 B,Duffield,David,David Duffield,1940-09-21,66,Male,United States,United States,Blackhawk,Technology,['Technology                    '],Workday,Chairman and co-CEO,False,Increased
2007,3,799,1.2 B,,,Bulent Eczacibasi,,57,,Turkey,Turkey,Istanbul,,['Pharmaceuticals'],,,,
2007,3,799,1.2 B,,,Israel Englander,,59,,United States,United States,New York,,['Finance'],,,,
2007,3,799,1.2 B,,,Thomas Friedkin,,71,,United States,United States,Houston,,,,,,
2007,3,799,1.2 B,Gilbert,Daniel,Daniel Gilbert,1962-01-31,45,Male,United States,United States,Franklin,Finance,['Finance'],,,False,
2007,3,799,1.2 B,,,Senapathy Gopalakrishnan,,51,,India,India,Bangalore,,['Software'],,,,
2007,3,799,1.2 B,,,Alec Gores,,54,,United States,United States,Beverly Hills,,['Finance'],,,,
2007,3,799,1.2 B,,,William Gross,,62,,United States,United States,Laguna Beach,,['Finance'],,,,
2007,3,799,1.2 B,,,Gerald Harvey,,67,,Australia,Australia,,,['Retail'],,,,
2007,3,799,1.2 B,,,Suna Kirac,,65,,Turkey,Turkey,Istanbul,,,,,,
2007,3,799,1.2 B,,,Ihor Kolomoyskyy,,0,,Ukraine,Ukraine,,,,,,,
2007,3,799,1.2 B,Moreno,Arturo,Arturo Moreno,1946-08-14,60,Male,United States,United States,Phoenix,Sports,['Sports                        '],,,False,Remained Even
2007,3,799,1.2 B,,,Wai Sheun Or,,55,,Hong Kong,Hong Kong,Hong Kong,,['Real Estate'],,,,
2007,3,799,1.2 B,,,Tuncay Ozilhan,,59,,Turkey,Turkey,Istanbul,,['Beverages'],,,,
2007,3,799,1.2 B,,,Sebastian Pinera,,57,,Chile,Chile,Santiago,,['Shipping'],,,,
2007,3,799,1.2 B,Ross,Wilbur,Wilbur Ross Jr,1937-11-28,69,Male,United States,United States,Palm Beach,,['Investments'],,,False,Increased
2007,3,799,1.2 B,,,Richard Scaife,,74,,United States,United States,Pittsburgh,,['Finance'],,,,
2007,3,799,1.2 B,,,Anatoly Sedykh,,42,,Russia,Russia,Moscow,,,,,,
2007,3,799,1.2 B,Sperling,John,John Sperling,1921-01-09,86,Male,United States,United States,Phoenix,,['Service'],,,False,Decreased
2007,3,799,1.2 B,Sperling,Peter,Peter Sperling,1959-11-22,47,Male,United States,United States,Phoenix,,['Service'],,,False,Decreased
2007,3,799,1.2 B,,,Kenny Troutt,,59,,United States,United States,Dallas,,,,,,
2007,3,799,1.2 B,Tuchman,Kenneth,Kenneth Tuchman,1959-10-23,47,Male,United States,United States,Denver,Service,['Service'],,,True,
2007,3,799,1.2 B,,,Murat Vargi,,58,,Turkey,Turkey,Istanbul,,,,,,
2007,3,840,1.1 B,,,Rahul Bajaj,,68,,India,India,Pune,,['Manufacturing'],,,,
2007,3,840,1.1 B,Bisciotti,Stephen,Stephen Bisciotti,1960-04-10,46,Male,United States,United States,Millersville,,['Sports'],,,False,
2007,3,840,1.1 B,,,Tak Wong Cho & family,,61,,China,Hong Kong,Hong Kong,,['Manufacturing'],,,,
2007,3,840,1.1 B,Clark,James,James Clark,1944-03-23,63,Male,United States,United States,Palm Beach,Technology,['Technology'],,,False,
2007,3,840,1.1 B,,,William Ding,,36,,China,China,,,,,,,
2007,3,840,1.1 B,,,John Edson,,74,,United States,United States,Seattle,,['Manufacturing'],,,,
2007,3,840,1.1 B,,,Chang-Woo Han & family,,76,,Japan,Japan,Kyoto,,,,,,
2007,3,840,1.1 B,,,Timothy Headington,,56,,United States,United States,Dallas,,['Oil'],,,,
2007,3,840,1.1 B,Joseph,George,George Joseph,1921-09-11,85,Male,United States,United States,Los Angeles,Finance,['Finance'],,,False,Remained Even
2007,3,840,1.1 B,,,Morris Kahn,,77,,Israel,Israel,Beit Yanay,,['Investments'],,,,
2007,3,840,1.1 B,Knaster,Alexander,Alexander Knaster,1959-02-19,48,Male,United States,United Kingdom,London,Investments,['Investments                   '],,,False,
2007,3,840,1.1 B,,,Andrei Kosogov,,46,,Russia,Russia,Moscow,,['Oil'],,,,
2007,3,840,1.1 B,Langone,Kenneth,Kenneth Langone,1935-09-16,71,Male,United States,United States,Sands Point,Investments,['Investments                   '],,,False,Remained Even
2007,3,840,1.1 B,,,Yonghao Liu,,55,,China,China,Chengdu,,['Agriculture'],,,,
2007,3,840,1.1 B,,,Guanqiu Lu,,62,,China,China,Hangzhou,,['Manufacturing'],,,,
2007,3,840,1.1 B,,,Keshub Mahindra,,83,,India,India,Mumbai,,,,,,
2007,3,840,1.1 B,,,Filiz Sahenk,,40,,Turkey,Turkey,istanbul,,['Finance'],,,,
2007,3,840,1.1 B,,,Monika Schoeller,,68,,Germany,Germany,Stuttgart,,['Media'],,,,
2007,3,840,1.1 B,Schultz,Howard,Howard Schultz,1953-07-19,53,Male,United States,United States,Seattle,Food and Beverage,['Food and Beverage'],Starbucks,Chairman and CEO,False,
2007,3,840,1.1 B,,,Alexander Spanos & family,,83,,United States,United States,Stockton,,['Real Estate'],,,,
2007,3,840,1.1 B,,,Kyung-Bae Suh,,44,,South Korea,South Korea,Seoul,,['Manufacturing'],,,,
2007,3,840,1.1 B,,,Hiew King Tiong,,71,,Malaysia,Malaysia,Sibu,,,,,,
2007,3,840,1.1 B,Tiriac,Ion,Ion Tiriac,1939-05-09,67,Male,Romania,Romania,Bucharest,Finance and Investments,['Finance and Investments'],,,True,
2007,3,840,1.1 B,,,Stefan von Holtzbrinck,,43,,Germany,Germany,Stuttgart,,['Media'],,,,
2007,3,840,1.1 B,,,Roger Wang,,57,,United States,China,Nanjing,,['Retail'],,,,
2007,3,840,1.1 B,,,Samuel Wyly,,71,,United States,United States,Dallas,,['Investments'],,,,
2007,3,840,1.1 B,,,Kamil Yazici,,77,,Turkey,Turkey,Istanbul,,['Beverages'],,,,
2007,3,840,1.1 B,,,QInghou Zong,,61,,China,China,Hangzhou,,['Beverages'],,,,
2007,3,891,1.0 B,,,Mohamed Bin Issa Al Jaber,,48,,Saudi Arabia,Saudi Arabia,"Jeddah, Paris, London",,,,,,
2007,3,891,1.0 B,,,Louis Bacon,,51,,United States,United Kingdom,London,,['Investments'],,,,
2007,3,891,1.0 B,,,Thomas Barrack,,59,,United States,United States,Santa Barbara,,['Investments'],,,,
2007,3,891,1.0 B,,,Marc Benioff,,42,,United States,United States,San Francisco,,,,,,
2007,3,891,1.0 B,Case,Stephen,Steve Case,1958-08-21,49,Male,United States,United States,McLean,Technology,['Technology                    '],,,False,Returned to List
2007,3,891,1.0 B,,,Fashu Chen,,47,,China,China,Fujian,,,,,,
2007,3,891,1.0 B,,,Francis Choi,,59,,Hong Kong,Hong Kong,Hong Kong,,['Real Estate'],,,,
2007,3,891,1.0 B,Dai,Weili,Weili Dai,1961-09-14,45,Female,United States,United States,Los Altos Hills,Technology,['Technology'],Marvell Technology Group,Co-founder,False,
2007,3,891,1.0 B,,,David Davidovich,,44,,Russia,Russia,Moscow,,['Oil'],,,,
2007,3,891,1.0 B,,,L. John Doerr,,56,,United States,United States,Woodside,,['Investments'],,,,
2007,3,891,1.0 B,Fireman,Paul,Paul Fireman,1944-02-14,63,Male,United States,United States,Brookline,Fashion & Retail,['Fashion & Retail'],,,True,Decreased
2007,3,891,1.0 B,Galvin,Robert,Robert Galvin,1922-10-09,84,Male,United States,,,,,,,True,Decreased
2007,3,891,1.0 B,Gordon,Bruce,Bruce Gordon,1929-02-04,78,Male,Australia,Bermuda,Bermuda,Media & Entertainment,['Media & Entertainment'],,,False,
2007,3,891,1.0 B,,,Suat Gunsel,,54,,Cyprus,Cyprus,Cyprus,,['Real Estate'],,,,
2007,3,891,1.0 B,Heisley,Michael,Michael Heisley Sr,1937-03-13,70,Male,United States,United States,Jupiter Island,,['Manufacturing'],,,False,
2007,3,891,1.0 B,,,Jeffrey Hildebrand,,48,,United States,United States,Houston,,['Oil'],,,,
2007,3,891,1.0 B,Jacobs,Jeremy,Jeremy Jacobs Sr,1940-01-20,67,Male,United States,United States,East Aurora,,['Service'],,,False,Remained Even
2007,3,891,1.0 B,,,Wengen Liang,,50,,China,China,Changsha,,['Manufacturing'],,,,
2007,3,891,1.0 B,,,Friedhelm Loh,,60,,Germany,Germany,Haiger,,['Manufacturing'],,,,
2007,3,891,1.0 B,,,William Moncrief,,86,,United States,United States,Fort Worth,,['Oil'],,,,
2007,3,891,1.0 B,,,Richard Peery,,66,,United States,United States,Palo Alto,,['Real Estate'],,,,
2007,3,891,1.0 B,,,Ira Rennert,,73,,United States,United States,New York,,['Investments'],,,,
2007,3,891,1.0 B,Rinehart,Gina,Georgina Rinehart,1954-02-09,53,Female,Australia,Australia,Perth,Billionaire,['Billionaire'],Hancock Prospecting,Executive Chairman,False,
2007,3,891,1.0 B,,,Julian Robertson,,75,,United States,United States,New York,,['Finance'],,,,
2007,3,891,1.0 B,Rowling,Joanne (J.K.),J.K. Rowling,1965-07-31,41,Female,United Kingdom,Scotland,Edinburgh,Celebrity,['Celebrity'],,Author,False,Remained Even
2007,3,891,1.0 B,,,Lily Safra,,69,,Monaco,Monaco,,,['Finance'],,,,
2007,3,891,1.0 B,,,David Shaw,,55,,United States,United States,New York,,['Finance'],,,,
2007,3,891,1.0 B,Sutardja,Sehat,Sehat Sutardja,1961-07-09,45,Male,United States,United States,Los Altos Hills,,,,,True,
2007,3,891,1.0 B,,,Mehmet Sinan Tara,,48,,Turkey,Turkey,Istanbul,,['Construction &#38; Engineering'],,,,
2007,3,891,1.0 B,,,Eng Meng Tsai,,50,,Taiwan,Taiwan,,,['Manufacturing'],,,,
2007,3,891,1.0 B,,,Murat Ulker,,47,,Turkey,Turkey,Istanbul,,['Food'],,,,
2007,3,891,1.0 B,,,Kostyantin Zhevago,,33,,Ukraine,Ukraine,,,,,,,
