year,month,rank,net_worth,last_name,first_name,full_name,birth_date,age,gender,country_of_citizenship,country_of_residence,city_of_residence,business_category,business_industries,organization_name,position_in_organization,self_made,wealth_status
2006,3,1,50.0 B,Gates,William,Bill Gates,1955-10-28,50,Male,United States,United States,Medina,,['Technology'],,,False,Increased
2006,3,2,42.0 B,,,Warren Buffett,,75,,United States,United States,Omaha,,['Investments'],,,,
2006,3,3,30.0 B,,,Carlos Slim Helu & family,,66,,Mexico,Mexico,Mexico City,,,,,,
2006,3,4,28.0 B,,,Ingvar Kamprad & family,,79,,Sweden,Switzerland,Lausanne,,['Retail'],,,,
2006,3,5,23.5 B,,,Lakshmi Mittal,,55,,India,United Kingdom,London,,['Manufacturing'],,,,
2006,3,6,22.0 B,Allen,Paul,Paul Allen,1953-01-21,53,Male,United States,United States,Mercer Island,,['Technology'],,,False,Increased
2006,3,7,21.5 B,,,Bernard Arnault,,57,,France,France,Paris,,,,,,
2006,3,8,20.0 B,,,Prince Alwaleed Bin Talal Alsaud,,49,,Saudi Arabia,Saudi Arabia,Riyadh,,['Investments'],,,,
2006,3,10,18.8 B,,,Ka-shing Li,,77,,Hong Kong,Hong Kong,Hong Kong,,,,,,
2006,3,11,18.2 B,,,Roman Abramovich,,39,,Russia,United Kingdom,London,,['Oil'],,,,
2006,3,12,17.1 B,,,Michael Dell,,41,,United States,United States,Austin,,,,,,
2006,3,13,17.0 B,,,Karl Albrecht,,86,,Germany,Germany,M?lheim an der Ruhr,,['Retail'],,,,
2006,3,14,16.1 B,,,Sheldon Adelson,,72,,United States,United States,Las Vegas,,,,,,
2006,3,15,16.0 B,,,Liliane Bettencourt,,83,,France,France,Paris,,['Manufacturing'],,,,
2006,3,15,16.0 B,,,Lawrence Ellison,,61,,United States,United States,Silicon Valley,,['Software'],,,,
2006,3,17,15.9 B,,,Christy Walton & family,,51,,United States,United States,Jackson,,['Retail'],,,,
2006,3,17,15.9 B,,,Jim Walton,,58,,United States,United States,Bentonville,,['Retail'],,,,
2006,3,19,15.8 B,,,S. Robson Walton,,62,,United States,United States,Bentonville,,['Retail'],,,,
2006,3,20,15.7 B,,,Alice Walton,,56,,United States,United States,Fort Worth,,['Retail'],,,,
2006,3,23,14.8 B,,,Amancio Ortega,,70,,Spain,Spain,La Coruna,,['Apparel'],,,,
2006,3,24,13.6 B,Ballmer,Steven,Steve Ballmer,1956-03-24,50,Male,United States,United States,Hunts Point,,['Technology'],,,False,Increased
2006,3,25,13.3 B,,,Azim Premji,,60,,India,India,Bangalore,,,,,,
2006,3,26,12.9 B,,,Sergey Brin,,32,,United States,United States,San Francisco,,,,,,
2006,3,27,12.8 B,,,Larry Page,,33,,United States,United States,San Francisco,,,,,,
2006,3,28,12.5 B,,,Abigail Johnson,,44,,United States,United States,Boston,,['Finance'],,,,
2006,3,29,12.4 B,Al-Kharafi,Nasser,Nasser Al-Kharafi & family,1943-06-17,62,Male,Kuwait,,,,['Diversified'],,,False,Increased
2006,3,29,12.4 B,Chambers,Anne Cox,Anne Cox Chambers,1919-12-01,86,Female,United States,United States,Atlanta,,['Media'],,,False,Increased
2006,3,32,12.3 B,,,Stefan Persson,,58,,Sweden,Sweden,Stockholm,,['Retail'],,,,
2006,3,33,12.0 B,,,Charles Koch,,70,,United States,United States,Wichita,,['Oil'],,,,
2006,3,33,12.0 B,,,David Koch,,65,,United States,United States,Wichita,,['Oil'],,,,
2006,3,35,11.6 B,,,Kwok family,,0,,Hong Kong,Hong Kong,Hong Kong,,['Real Estate'],,,,
2006,3,37,11.0 B,,,Sulaiman Al Rajhi,,86,,Saudi Arabia,Saudi Arabia,Jeddah,,['Finance'],,,,
2006,3,37,11.0 B,,,Vagit Alekperov,,55,,Russia,Russia,Moscow,,['Oil'],,,,
2006,3,37,11.0 B,,,Silvio Berlusconi & family,,69,,Italy,Italy,North of Milan,,['Media'],,,,
2006,3,37,11.0 B,,,Shau Kee Lee,,78,,Hong Kong,Hong Kong,Hong Kong,,['Real Estate'],,,,
2006,3,41,10.7 B,,,Vladimir Lisin,,49,,Russia,Russia,Moscow,,,,,,
2006,3,42,10.4 B,,,Michael Otto & family,,62,,Germany,Germany,Hamburg,,['Retail'],,,,
2006,3,43,10.1 B,,,Pierre Omidyar,,38,,United States,United States,Henderson,,,,,,
2006,3,44,10.0 B,,,Leonardo Del Vecchio,,70,,Italy,Italy,Milan,,['Manufacturing'],,,,
2006,3,44,10.0 B,,,Michele Ferrero & family,,79,,Italy,Monaco,Montecarlo,,['Food'],,,,
2006,3,44,10.0 B,,,Forrest Mars,,74,,United States,United States,McLean,,['Food'],,,,
2006,3,44,10.0 B,,,Jacqueline Mars,,66,,United States,United States,Bedminster,,['Food'],,,,
2006,3,44,10.0 B,,,John Mars,,69,,United States,United States,Arlington,,['Food'],,,,
2006,3,44,10.0 B,,,Viktor Vekselberg,,48,,Russia,Russia,Moscow,,['Oil'],,,,
2006,3,50,9.7 B,,,Mikhail Fridman,,41,,Russia,Russia,Moscow,,['Oil'],,,,
2006,3,51,9.1 B,,,Spiro Latsis & family,,59,,Greece,Switzerland,Geneva,,,,,,
2006,3,53,8.7 B,,,Carl Icahn,,70,,United States,United States,New York,,['Investments'],,,,
2006,3,53,8.7 B,,,Kirk Kerkorian,,88,,United States,United States,Los Angeles,,['Investments'],,,,
2006,3,55,8.6 B,,,Birgit Rausing & family,,82,,Sweden,Switzerland,Vaud,,['Manufacturing'],,,,
2006,3,56,8.5 B,,,Mukesh Ambani,,48,,India,India,Mumbai,,['Manufacturing'],,,,
2006,3,56,8.5 B,,,Serge Dassault & family,,80,,France,France,Paris,,['Manufacturing'],,,,
2006,3,56,8.5 B,,,Hans Rausing,,80,,Sweden,United Kingdom,Wadhurst,,['Manufacturing'],,,,
2006,3,59,8.4 B,,,Galen Weston & family,,65,,Canada,Canada,Toronto,,['Retail'],,,,
2006,3,60,8.1 B,,,Susanne Klatten,,43,,Germany,Germany,Bad Homburg,,['Pharmaceuticals'],,,,
2006,3,62,7.8 B,,,Oleg Deripaska,,37,,Russia,Russia,Moscow,,['Manufacturing'],,,,
2006,3,63,7.7 B,,,Sumner Redstone,,82,,United States,United States,Beverly Hills,,['Media'],,,,
2006,3,64,7.6 B,Mordashov,Alexey,Alexey Mordashov,1965-09-26,40,Male,Russia,Russia,Moscow,,['Metals & Mining'],,,False,Increased
2006,3,65,7.5 B,,,Donald Newhouse,,76,,United States,United States,Somerset County,,['Media'],,,,
2006,3,65,7.5 B,,,Samuel Newhouse,,78,,United States,United States,New York,,['Media'],,,,
2006,3,65,7.5 B,,,Alain &#38; Gerard Wertheimer,,0,,France,France,Paris,,['Apparel'],,,,
2006,3,65,7.5 B,,,Reinhold Wurth,,70,,Germany,Germany,Kuenzelsau,,['Manufacturing'],,,,
2006,3,70,7.3 B,Knight,Philip,Phil Knight,1938-02-24,68,Male,United States,United States,Hillsboro,,['Fashion and Retail'],,,False,Decreased
2006,3,71,7.2 B,,,George Soros,,75,,United States,United States,New York,,['Finance'],,,,
2006,3,72,7.1 B,,,Ernesto Bertarelli & family,,40,,Switzerland,Switzerland,Geneva,,['Pharmaceuticals'],,,,
2006,3,72,7.1 B,,,Suleiman Kerimov,,40,,Russia,Russia,Moscow,,['Investments'],,,,
2006,3,74,7.0 B,,,Philip &#38; Cristina Green,,0,,United Kingdom,Monaco,,,['Retail'],,,,
2006,3,74,7.0 B,,,Francois Pinault & family,,69,,France,France,Paris,,,,,,
2006,3,74,7.0 B,,,August von Finck,,76,,Germany,Switzerland,Thurgau,,['Investments'],,,,
2006,3,77,6.9 B,,,Mohammed Al Amoudi,,60,,Saudi Arabia,Saudi Arabia,Jeddah,,['Oil'],,,,
2006,3,77,6.9 B,,,Abdul Aziz Al Ghurair & family,,52,,United Arab Emirates,United Arab Emirates,Dubai,,['Finance'],,,,
2006,3,79,6.8 B,,,Maria-Elisabeth &#38; Georg Schaeffler,,0,,Germany,Germany,Herzogenaurach,,['Manufacturing'],,,,
2006,3,80,6.7 B,Ergen,Charles,Charles Ergen,1953-03-01,53,Male,United States,United States,Denver,,['Media'],,,False,Decreased
2006,3,80,6.7 B,,,Edward Johnson,,75,,United States,United States,Boston,,['Finance'],,,,
2006,3,82,6.6 B,,,Kun-Hee Lee,,64,,South Korea,South Korea,Seoul,,,,,,
2006,3,82,6.6 B,,,Stefan Quandt,,40,,Germany,Germany,Bad Homburg,,['Manufacturing'],,,,
2006,3,84,6.5 B,,,Rupert Murdoch,,75,,United States,United States,New York,,['Media'],,,,
2006,3,89,6.4 B,,,Philip Anschutz,,66,,United States,United States,Denver,,['Investments'],,,,
2006,3,89,6.4 B,,,Hasso Plattner,,62,,Germany,Germany,Heidelberg,,['Software'],,,,
2006,3,89,6.4 B,,,Vladimir Potanin,,45,,Russia,Russia,Moscow,,,,,,
2006,3,89,6.4 B,,,Mikhail Prokhorov,,40,,Russia,Russia,Moscow,,,,,,
2006,3,93,6.3 B,,,Vladimir Yevtushenkov,,57,,Russia,Russia,Moscow,,,,,,
2006,3,94,6.1 B,Arison,Micky,Micky Arison,1949-06-29,56,Male,United States,United States,Bal Harbour,,['Service'],,,False,Decreased
2006,3,94,6.1 B,,,Curt Engelhorn,,79,,Germany,Switzerland,Gstaad,,['Pharmaceuticals'],,,,
2006,3,94,6.1 B,,,German Khan,,44,,Russia,Russia,Moscow,,['Oil'],,,,
2006,3,94,6.1 B,,,Ronald Perelman,,63,,United States,United States,New York,,['Investments'],,,,
2006,3,94,6.1 B,,,Johanna Quandt,,78,,Germany,Germany,Bad Homburg,,['Manufacturing'],,,,
2006,3,100,6.0 B,,,Gerald Cavendish Grosvenor & family,,54,,United Kingdom,United Kingdom,Chester,,['Real Estate'],,,,
2006,3,100,6.0 B,Taylor,Jack,Jack Taylor & family,1922-09-01,83,Male,United States,United States,St. Louis,,['Service'],,,False,Increased
2006,3,103,5.9 B,,,Eli Broad,,72,,United States,United States,Los Angeles,,['Manufacturing'],,,,
2006,3,104,5.7 B,,,Anil Ambani,,46,,India,India,,,,,,,
2006,3,104,5.7 B,,,Donald Bren,,73,,United States,United States,Newport Beach,,['Real Estate'],,,,
2006,3,106,5.5 B,,,"James, Arthur &#38; John Irving",,0,,Canada,Canada,Saint John,,['Oil'],,,,
2006,3,109,5.2 B,Arison,Shari,Shari Arison,1957-09-09,48,Female,Israel,Israel,Tel Aviv,Billionaire,['Billionaire'],,"Investor, Philanthropist",False,Decreased
2006,3,109,5.2 B,,,Kunio Busujima & family,,80,,Japan,Japan,Kiryu,,,,,,
2006,3,109,5.2 B,,,Nikolai Tsvetkov,,45,,Russia,Russia,Moscow,,['Oil'],,,,
2006,3,112,5.1 B,,,Michael Bloomberg,,63,,United States,United States,New York,,['Media'],,,,
2006,3,112,5.1 B,,,Yu-tung Cheng,,80,,Hong Kong,Hong Kong,Hong Kong,,['Real Estate'],,,,
2006,3,114,5.0 B,,,Leonard Blavatnik,,48,,United States,United Kingdom,London,,['Oil'],,,,
2006,3,114,5.0 B,,,Gustavo Cisneros & family,,60,,Venezuela,Venezuela,Caracas,,['Media'],,,,
2006,3,114,5.0 B,,,Charlene de Carvalho-Heineken,,51,,Netherlands,United Kingdom,London,,['Beverages'],,,,
2006,3,114,5.0 B,,,John Fredriksen,,61,,Norway,Norway,Oslo,,['Shipping'],,,,
2006,3,114,5.0 B,,,Saleh Kamel,,64,,Saudi Arabia,Saudi Arabia,Makkah Al-Minkarramah,,,,,,
2006,3,114,5.0 B,,,Karl-Heinz Kipp,,82,,Germany,Switzerland,Arosa,,['Retail'],,,,
2006,3,114,5.0 B,,,Robert Kuok,,82,,Malaysia,Hong Kong,Hong Kong,,['Agriculture'],,,,
2006,3,114,5.0 B,,,John Menard,,66,,United States,United States,Eau Claire,,['Retail'],,,,
2006,3,114,5.0 B,,,James Packer,,38,,Australia,Australia,Sydney,,['Media'],,,,
2006,3,114,5.0 B,,,Kushal Pal Singh,,74,,India,India,Delhi,,['Real Estate'],,,,
2006,3,114,5.0 B,Skoll,Jeffrey,Jeffrey Skoll,1965-01-16,41,Male,Canada,United States,Woodside,Technology,['Technology                    '],,,False,Remained Even
2006,3,125,4.9 B,,,Alexander Abramov,,47,,Russia,Russia,Moscow,,,,,,
2006,3,125,4.9 B,,,Erivan Haub & family,,73,,Germany,Germany,M?lheim an der Ruhr,,['Retail'],,,,
2006,3,125,4.9 B,,,Lorenzo Mendoza & family,,40,,Venezuela,Venezuela,Caracas,,['Beverages'],,,,
2006,3,125,4.9 B,,,Sunil Mittal & family,,48,,India,India,Delhi,,,,,,
2006,3,129,4.8 B,,,Alexei Kuzmichev,,43,,Russia,Russia,,,['Oil'],,,,
2006,3,129,4.8 B,,,Robert Rowling,,52,,United States,United States,Dallas,,,,,,
2006,3,129,4.8 B,,,Onsi Sawiris,,76,,Egypt,Egypt,Cairo,,['Manufacturing'],,,,
2006,3,129,4.8 B,,,Eric Schmidt,,50,,United States,United States,Atherton,,,,,,
2006,3,134,4.6 B,,,Jeronimo Arango & family,,80,,Mexico,Mexico,,,['Retail'],,,,
2006,3,134,4.6 B,,,Nicky Oppenheimer & family,,60,,South Africa,South Africa,Johannesburg,,,,,,
2006,3,136,4.5 B,,,Iskander Makhmudov,,43,,Russia,Russia,,,,,,,
2006,3,136,4.5 B,,,Akira Mori & family,,68,,Japan,Japan,Tokyo,,['Real Estate'],,,,
2006,3,136,4.5 B,Santo Domingo,Julio Mario,Julio Mario Santo Domingo,1923-10-16,82,Male,Colombia,,,,['Food and Beverage'],,,False,Increased
2006,3,140,4.4 B,,,Kumar Birla,,38,,India,India,Mumbai,,,,,,
2006,3,140,4.4 B,,,David Geffen,,63,,United States,United States,Malibu,,['Media'],,,,
2006,3,140,4.4 B,Jobs,Steven,Steve Jobs,1955-02-24,51,Male,United States,,,,['Technology'],,,False,Increased
2006,3,140,4.4 B,,,George Kaiser,,63,,United States,United States,Tulsa,,['Oil'],,,,
2006,3,140,4.4 B,,,Luis Carlos Sarmiento,,73,,Colombia,Colombia,Bogota,,['Finance'],,,,
2006,3,140,4.4 B,,,Thomas Schmidheiny,,60,,Switzerland,Switzerland,Balgach,,['Construction &#38; Engineering'],,,,
2006,3,140,4.4 B,,,Ty Warner,,62,,United States,United States,Chicago,,['Manufacturing'],,,,
2006,3,147,4.3 B,Bezos,Jeffrey,Jeff Bezos,1964-01-12,42,Male,United States,United States,Seattle,,['Technology'],,,False,Increased
2006,3,147,4.3 B,,,Terry Gou,,55,,Taiwan,Taiwan,Taipei,,,,,,
2006,3,147,4.3 B,Haefner,Walter,Walter Haefner,1910-09-13,95,Male,Switzerland,,,,['Technology'],,,False,Remained Even
2006,3,147,4.3 B,,,Charles Johnson,,73,,United States,United States,San Mateo,,['Finance'],,,,
2006,3,147,4.3 B,,,Ananda Krishnan,,67,,Malaysia,Malaysia,Kuala Lumpur,,,,,,
2006,3,147,4.3 B,Perot,Henry Ross,Henry Ross Perot Sr,1930-06-27,75,Male,United States,United States,Dallas,,['Technology'],,,False,Remained Even
2006,3,154,4.2 B,,,Jean-Claude Decaux & family,,68,,France,France,Paris,,['Media'],,,,
2006,3,154,4.2 B,,,Eitaro Itoyama,,63,,Japan,Japan,Tokyo,,['Real Estate'],,,,
2006,3,154,4.2 B,,,Tadashi Yanai & family,,57,,Japan,Japan,Yamaguchi,,['Retail'],,,,
2006,3,158,4.1 B,,,Giorgio Armani,,71,,Italy,Italy,Milan,,['Apparel'],,,,
2006,3,158,4.1 B,,,Vladimir Bogdanov,,54,,Russia,Russia,Surgut,,['Oil'],,,,
2006,3,158,4.1 B,Crown,Lester,Lester Crown & family,1925-06-07,80,Male,United States,United States,Wilmette,,['Investments'],,,False,Increased
2006,3,158,4.1 B,Goodnight,James,James Goodnight,1943-01-06,63,Male,United States,United States,Cary,,['Technology'],,,False,Increased
2006,3,158,4.1 B,,,Bahaa Hariri,,39,,Switzerland,Switzerland,Geneva,,,,,,
2006,3,158,4.1 B,,,Saad Hariri,,35,,Saudi Arabia,Saudi Arabia,Riyadh,,['Construction &#38; Engineering'],,,,
2006,3,158,4.1 B,,,Antonia Johnson,,62,,Sweden,Sweden,Stockholm,,,,,,
2006,3,158,4.1 B,,,Klaus-Michael Kuhne,,68,,Germany,Switzerland,Schindellegi,,['Shipping'],,,,
2006,3,158,4.1 B,,,Eliodoro Matte & family,,60,,Chile,Chile,Santiago,,,,,,
2006,3,158,4.1 B,,,Richard Schulze,,65,,United States,United States,Edina,,['Retail'],,,,
2006,3,168,4.0 B,,,Leonid Fedun,,49,,Russia,Russia,Moscow,,['Oil'],,,,
2006,3,168,4.0 B,,,David Murdock,,82,,United States,United States,Los Angeles,,['Investments'],,,,
2006,3,168,4.0 B,,,Shiv Nadar,,60,,India,India,New Delhi,,,,,,
2006,3,168,4.0 B,,,Charles Schwab,,68,,United States,United States,Atherton,,,,,,
2006,3,173,3.9 B,,,Boris Ivanishvili,,50,,Russia,France,Paris,,,,,,
2006,3,174,3.8 B,,,Abdullah Al Rajhi,,0,,Saudi Arabia,Saudi Arabia,,,['Finance'],,,,
2006,3,174,3.8 B,,,Paul Desmarais,,79,,Canada,Canada,Montreal,,,,,,
2006,3,174,3.8 B,,,Aloysio de Andrade Faria,,85,,Brazil,Brazil,Sao Paulo,,['Finance'],,,,
2006,3,174,3.8 B,,,Michael Kadoorie & family,,65,,Hong Kong,Hong Kong,Hong Kong,,,,,,
2006,3,174,3.8 B,,,Frank Lowy & family,,75,,Australia,Australia,Sydney,,['Real Estate'],,,,
2006,3,181,3.7 B,,,Gordon Moore,,77,,United States,United States,Woodside,,,,,,
2006,3,181,3.7 B,,,Bernard (Barry) Sherman,,64,,Canada,Canada,Toronto,,['Pharmaceuticals'],,,,
2006,3,185,3.6 B,,,Masatoshi Ito,,81,,Japan,Japan,Tokyo,,['Retail'],,,,
2006,3,185,3.6 B,,,Rupert Johnson,,64,,United States,United States,San Mateo,,['Finance'],,,,
2006,3,185,3.6 B,Kwek,Leng Beng,Kwek Leng Beng & family,1941-01-01,65,Male,Singapore,,Singapore,,,,,False,Decreased
2006,3,185,3.6 B,,,Ralph Lauren,,66,,United States,United States,New York,,['Apparel'],,,,
2006,3,185,3.6 B,,,Pallonji Mistry,,76,,India,India,Mumbai,,['Construction &#38; Engineering'],,,,
2006,3,185,3.6 B,,,Viktor Rashnikov,,57,,Russia,Russia,Magnitogorsk,,,,,,
2006,3,185,3.6 B,,,David &#38; Simon Reuben,,0,,United Kingdom,United Kingdom,London,,['Real Estate'],,,,
2006,3,185,3.6 B,,,Andreas Strungmann,,56,,Germany,Germany,Tegernsee,,['Pharmaceuticals'],,,,
2006,3,185,3.6 B,,,Thomas Strungmann,,56,,Germany,Germany,Tegernsee,,['Pharmaceuticals'],,,,
2006,3,194,3.5 B,,,Bradley Hughes,,72,,United States,United States,Malibu,,,,,,
2006,3,194,3.5 B,,,Edward Lampert,,43,,United States,United States,Greenwich,,['Finance'],,,,
2006,3,194,3.5 B,,,Alexander Lebedev,,46,,Russia,Russia,,,['Finance'],,,,
2006,3,194,3.5 B,Lucas,George,George Lucas,1944-05-14,61,Male,United States,United States,San Anselmo,,['Media'],,,False,Increased
2006,3,194,3.5 B,,,Jim Pattison,,77,,Canada,Canada,Vancouver,,,,,,
2006,3,200,3.4 B,,,Robert Bass,,58,,United States,United States,Fort Worth,,['Oil'],,,,
2006,3,200,3.4 B,,,Otto Beisheim,,82,,Germany,Switzerland,Zoug,,['Retail'],,,,
2006,3,200,3.4 B,,,Richard DeVos,,80,,United States,United States,Ada,,,,,,
2006,3,200,3.4 B,,,Bernard Ecclestone & family,,75,,United Kingdom,United Kingdom,London,,,,,,
2006,3,200,3.4 B,,,Esther Koplowitz,,55,,Spain,Spain,Barcelona,,['Construction &#38; Engineering'],,,,
2006,3,200,3.4 B,,,Jorge Paulo Lemann,,66,,Brazil,Brazil,Sao Paulo,,['Finance'],,,,
2006,3,207,3.3 B,,,Mong-Koo Chung,,68,,South Korea,South Korea,,,['Shipping'],,,,
2006,3,207,3.3 B,,,Johann Rupert & family,,55,,South Africa,South Africa,Stellenbosch,,['Retail'],,,,
2006,3,207,3.3 B,,,Michael &#38; Rainer Schmidt-Ruthenbeck,,0,,Germany,Germany,Duisburg,,['Retail'],,,,
2006,3,207,3.3 B,,,Wan-Tsai Tsai & family,,76,,Taiwan,Taiwan,Taipei,,['Finance'],,,,
2006,3,207,3.3 B,,,Klaus Tschira,,65,,Germany,Germany,Heidelberg,,['Software'],,,,
2006,3,207,3.3 B,,,Karl Wlaschek,,88,,Austria,Austria,Vienna,,['Retail'],,,,
2006,3,214,3.2 B,,,Martin &#38; Olivier Bouygues,,53,,France,France,Paris,,['Construction &#38; Engineering'],,,,
2006,3,214,3.2 B,Cook,William,William Cook,1931-09-01,74,Male,United States,,,,['Health care'],,,False,Remained Even
2006,3,214,3.2 B,,,Antonio Ermirio de Moraes & family,,77,,Brazil,Brazil,Sao Paulo,,,,,,
2006,3,214,3.2 B,Fukuda,Yoshitaka,Yoshitaka Fukuda,1947-10-14,58,Male,Japan,Japan,Kyoto,,,,,True,Decreased
2006,3,214,3.2 B,,,Charoen Sirivadhanabhakdi,,61,,Thailand,Thailand,Bangkok,,['Beverages'],,,,
2006,3,221,3.1 B,,,Ricardo Salinas Pliego & family,,50,,Mexico,Mexico,Mexico City,,['Retail'],,,,
2006,3,221,3.1 B,,,Stephan Schmidheiny,,58,,Switzerland,Switzerland,Zurich,,['Investments'],,,,
2006,3,221,3.1 B,,,Masayoshi Son,,48,,Japan,Japan,Tokyo,,['Software'],,,,
2006,3,224,3.0 B,,,Pyotr Aven,,51,,Russia,Russia,Moscow,,,,,,
2006,3,224,3.0 B,,,Edgar Bronfman,,76,,United States,United States,New York,,['Food'],,,,
2006,3,224,3.0 B,,,Albert Frere,,80,,Belgium,Belgium,Charleroi,,['Investments'],,,,
2006,3,224,3.0 B,,,Frits Goldschmeding,,72,,Netherlands,Netherlands,Amsterdam,,,,,,
2006,3,224,3.0 B,,,Heidi Horten,,65,,Austria,Austria,Vienna,,['Retail'],,,,
2006,3,224,3.0 B,,,Petr Kellner,,41,,Czech Republic,Czech Republic,Vrane nad Vltavou,,['Insurance'],,,,
2006,3,224,3.0 B,Lee,Seng Wee,Lee Seng Wee,1930-01-01,81,Male,Singapore,,,Finance and Investments,['Finance and Investments'],,,False,Increased
2006,3,224,3.0 B,,,Hiroshi Mikitani,,41,,Japan,Japan,,,,,,,
2006,3,224,3.0 B,,,Robert Miller,,60,,Canada,Canada,Montreal,,,,,,
2006,3,224,3.0 B,Ofer,Sammy,Sammy Ofer & family,1922-01-01,84,,Israel,,,,['Logistics'],,,False,Decreased
2006,3,224,3.0 B,,,Anton Schlecker,,61,,Germany,Germany,Ehingen,,['Retail'],,,,
2006,3,224,3.0 B,,,Takemitsu Takizaki,,60,,Japan,Japan,Osaka,,['Manufacturing'],,,,
2006,3,224,3.0 B,,,William Wrigley,,42,,United States,United States,Lake Forest,,['Food'],,,,
2006,3,240,2.9 B,,,David Filo,,39,,United States,United States,Mountain View,,,,,,
2006,3,240,2.9 B,,,Michael Herz,,60,,Germany,Germany,Hamburg,,['Retail'],,,,
2006,3,240,2.9 B,,,Leonard Lauder,,73,,United States,United States,New York,,['Apparel'],,,,
2006,3,240,2.9 B,,,Arnon Milchan,,61,,Israel,Israel,Tel Aviv,,['Media'],,,,
2006,3,240,2.9 B,,,A. Jerrold Perenchio,,75,,United States,United States,Bel Air,,['Media'],,,,
2006,3,245,2.8 B,,,Anil Agarwal,,52,,India,United Kingdom,London,,,,,,
2006,3,245,2.8 B,,,Alberto Bailleres & family,,73,,Mexico,Mexico,Mexico City,,,,,,
2006,3,245,2.8 B,,,David &#38; Frederick Barclay,,0,,United Kingdom,United Kingdom,Island of Brecquou,,['Retail'],,,,
2006,3,245,2.8 B,,,Richard Branson,,55,,United Kingdom,United Kingdom,London,,['Shipping'],,,,
2006,3,245,2.8 B,,,Charles Cadogan & family,,69,,United Kingdom,United Kingdom,London,,['Real Estate'],,,,
2006,3,245,2.8 B,,,Wolfgang Herz,,55,,Germany,Germany,Hamburg,,['Retail'],,,,
2006,3,245,2.8 B,,,Kjeld Kirk Kristiansen,,58,,Denmark,Denmark,Billund,,['Manufacturing'],,,,
2006,3,245,2.8 B,,,Shashi &#38; Ravi Ruia,,0,,India,India,,,,,,,
2006,3,245,2.8 B,,,Haim Saban,,61,,United States,United States,Beverly Hills,,['Media'],,,,
2006,3,245,2.8 B,Spielberg,Steven,Steven Spielberg,1946-12-18,59,Male,United States,United States,Pacific Palisades,,['Media'],,,False,Increased
2006,3,258,2.7 B,,,Charles Bronfman,,74,,Canada,Canada,Montreal,,['Beverages'],,,,
2006,3,258,2.7 B,,,Matthew Bucksbaum & family,,80,,United States,United States,Chicago,,['Real Estate'],,,,
2006,3,258,2.7 B,,,Francesco Gaetano Caltagirone,,63,,Italy,Italy,,,,,,,
2006,3,258,2.7 B,,,Otto Happel,,58,,Germany,Switzerland,Luzerne,,['Construction &#38; Engineering'],,,,
2006,3,258,2.7 B,,,Aymin Hariri,,27,,Saudi Arabia,Saudi Arabia,Riyadh,,,,,,
2006,3,258,2.7 B,,,Fahd Hariri,,25,,Lebanon,France,Paris,,,,,,
2006,3,258,2.7 B,Hillman,Henry,Henry Hillman,1918-12-25,87,Male,United States,United States,Pittsburgh,,['Investments'],,,False,Decreased
2006,3,258,2.7 B,Ingram,Martha,Martha Ingram & family,1935-08-20,70,Female,United States,United States,Nashville,,['Media'],,,False,Increased
2006,3,258,2.7 B,,,Manuel Jove,,64,,Spain,Spain,La Coruna,,['Real Estate'],,,,
2006,3,258,2.7 B,,,Vladimir Kim,,45,,Kazakhstan,Kazakhstan,Almaty,,,,,,
2006,3,258,2.7 B,,,Ronald Lauder,,62,,United States,United States,New York,,['Apparel'],,,,
2006,3,258,2.7 B,,,Andrey Melnichenko,,34,,Russia,Russia,Moscow,,,,,,
2006,3,258,2.7 B,,,Henry Nicholas,,46,,United States,United States,Laguna Hills,,,,,,
2006,3,258,2.7 B,,,Sergei Popov,,34,,Russia,Russia,Moscow,,,,,,
2006,3,258,2.7 B,,,Leonard Stern,,67,,United States,United States,New York,,['Real Estate'],,,,
2006,3,258,2.7 B,Wexner,Leslie,Leslie Wexner,1937-09-08,70,Male,United States,United States,New Albany,,['Fashion and Retail'],,,False,Decreased
2006,3,258,2.7 B,,,Michael Ying,,56,,Hong Kong,Hong Kong,Hong Kong,,['Apparel'],,,,
2006,3,278,2.6 B,,,Din Hwa Chen,,83,,Hong Kong,Hong Kong,Hong Kong,,['Real Estate'],,,,
2006,3,278,2.6 B,,,Adi Godrej & family,,63,,India,India,Mumbai,,['Manufacturing'],,,,
2006,3,278,2.6 B,,,Barbara Piasecka Johnson,,69,,United States,Monaco,Monte Carlo,,['Health Care'],,,,
2006,3,278,2.6 B,,,Peter Kellogg,,64,,United States,United States,Short Hills,,['Finance'],,,,
2006,3,278,2.6 B,,,Ann Walton Kroenke,,56,,United States,United States,Columbia,,['Retail'],,,,
2006,3,278,2.6 B,,,Lev Leviev,,50,,Israel,Israel,B'nei Brak,,['Manufacturing'],,,,
2006,3,278,2.6 B,,,Naguib Sawiris,,0,,Egypt,Egypt,,,,,,,
2006,3,278,2.6 B,,,Harold Simmons,,74,,United States,United States,Dallas,,['Investments'],,,,
2006,3,278,2.6 B,,,James Simons,,68,,United States,United States,East Setauket,,['Investments'],,,,
2006,3,278,2.6 B,Trump,Donald,Donald Trump,1946-06-14,60,Male,United States,United States,New York,,['Real Estate'],,,False,Remained Even
2006,3,278,2.6 B,,,Alisher Usmanov,,52,,Russia,Russia,,,,,,,
2006,3,292,2.5 B,,,Riley Bechtel,,54,,United States,United States,San Francisco,,,,,,
2006,3,292,2.5 B,,,Stephen Bechtel,,80,,United States,United States,San Francisco,,,,,,
2006,3,292,2.5 B,,,Carlo Benetton,,62,,Italy,Italy,Treviso,,,,,,
2006,3,292,2.5 B,,,Gilberto Benetton,,64,,Italy,Italy,Treviso,,,,,,
2006,3,292,2.5 B,,,Giuliana Benetton,,68,,Italy,Italy,Treviso,,,,,,
2006,3,292,2.5 B,,,Luciano Benetton,,70,,Italy,Italy,Treviso,,['Apparel'],,,,
2006,3,292,2.5 B,,,Steven Cohen,,50,,United States,United States,Greenwich,,['Investments'],,,,
2006,3,292,2.5 B,,,John Dorrance,,62,,Ireland,Ireland,Dublin,,['Food'],,,,
2006,3,292,2.5 B,,,Ray Lee Hunt,,63,,United States,United States,Dallas,,['Oil'],,,,
2006,3,292,2.5 B,,,Bruce Kovner,,60,,United States,United States,New York,,['Finance'],,,,
2006,3,292,2.5 B,,,Henry Kravis,,62,,United States,United States,New York,,['Finance'],,,,
2006,3,292,2.5 B,,,Leonid Mikhelson,,50,,Russia,Russia,,,['Oil'],,,,
2006,3,292,2.5 B,Prada,Miuccia,Miuccia Prada,1949-05-10,56,Female,Italy,,,Business,['Business'],Prada,"Owner, Fashion Designer",False,Decreased
2006,3,292,2.5 B,,,George Roberts,,61,,United States,United States,San Francisco,,['Finance'],,,,
2006,3,292,2.5 B,,,David Rockefeller,,90,,United States,United States,New York,,['Oil'],,,,
2006,3,292,2.5 B,,,Bruno Schroder & family,,73,,United Kingdom,United Kingdom,London,,['Finance'],,,,
2006,3,292,2.5 B,,,Stephen Schwarzman,,59,,United States,United States,New York,,['Finance'],,,,
2006,3,292,2.5 B,,,Dennis Washington,,71,,United States,United States,Missoula,,['Investments'],,,,
2006,3,292,2.5 B,Yoovidhya,Chaleo,Chaleo Yoovidhya,1932-01-01,74,Male,Thailand,,,,['Food and Beverage'],,,False,Increased
2006,3,317,2.4 B,,,Clive Calder,,59,,United Kingdom,Cayman Islands,,,['Media'],,,,
2006,3,317,2.4 B,,,Dhanin Chearavanont,,66,,Thailand,Thailand,Bangkok,,['Agriculture'],,,,
2006,3,317,2.4 B,,,Stein Erik Hagen & family,,49,,Norway,Norway,Oslo,,['Retail'],,,,
2006,3,317,2.4 B,,,Indu Jain,,69,,India,India,New Delhi,,['Media'],,,,
2006,3,317,2.4 B,,,Richard Kinder,,62,,United States,United States,Houston,,['Oil'],,,,
2006,3,317,2.4 B,,,Sergio Mantegazza,,78,,Switzerland,Switzerland,Lugano,,,,,,
2006,3,317,2.4 B,,,Dietrich Mateschitz,,61,,Austria,Austria,Fuschl am See,,['Beverages'],,,,
2006,3,317,2.4 B,,,George Mitchell,,86,,United States,United States,The Woodlands,,['Oil'],,,,
2006,3,317,2.4 B,,,Axel Oberwelland,,39,,Germany,Germany,Berlin,,['Food'],,,,
2006,3,317,2.4 B,,,Henry Samueli,,51,,United States,United States,Newport Beach,,,,,,
2006,3,317,2.4 B,,,Emanuele (Lino) Saputo,,69,,Canada,Canada,Quebec,,['Food'],,,,
2006,3,317,2.4 B,,,Dilip Shanghvi,,50,,India,India,Mumbai,,['Pharmaceuticals'],,,,
2006,3,317,2.4 B,,,Steven Udvar-Hazy,,60,,United States,United States,Beverly Hills,,,,,,
2006,3,317,2.4 B,,,Cho Yaw Wee & family,,77,,Singapore,Singapore,,,['Finance'],,,,
2006,3,317,2.4 B,,,Stef Wertheimer & family,,80,,Israel,Israel,Tefen,,['Manufacturing'],,,,
2006,3,317,2.4 B,,,Jerry Yang,,37,,United States,United States,Los Altos,,,,,,
2006,3,317,2.4 B,,,Samuel Zell,,64,,United States,United States,Chicago,,['Real Estate'],,,,
2006,3,335,2.3 B,,,Mohammed Al Issa,,0,,Saudi Arabia,Saudi Arabia,,,['Food'],,,,
2006,3,335,2.3 B,,,Elena Baturina,,43,,Russia,Russia,Moscow,,['Construction &#38; Engineering'],,,,
2006,3,335,2.3 B,,,Hubert Burda,,66,,Germany,Germany,Munich,,['Media'],,,,
2006,3,335,2.3 B,,,Ronald Burkle,,53,,United States,United States,Los Angeles,,['Investments'],,,,
2006,3,335,2.3 B,,,Alexander Frolov,,41,,Russia,Russia,Moscow,,,,,,
2006,3,335,2.3 B,McCain,Wallace,Wallace McCain,1930-01-01,76,Male,Canada,,,,['Food and Beverage'],,,False,Increased
2006,3,335,2.3 B,,,Richard Rainwater,,61,,United States,United States,Fort Worth,,['Finance'],,,,
2006,3,335,2.3 B,Spangler,Clemmie,Clemmie Spangler Jr,1932-04-05,73,Male,United States,United States,Charlotte,,['Investments'],,,False,Remained Even
2006,3,335,2.3 B,,,Friede Springer,,63,,Germany,Germany,Berlin,,['Media'],,,,
2006,3,335,2.3 B,,,Peter Woo & family,,60,,Hong Kong,Hong Kong,Hong Kong,,['Real Estate'],,,,
2006,3,350,2.2 B,Butt,Charles,Charles Butt & family,1938-02-03,67,Male,United States,United States,San Antonio,,['Fashion and Retail'],,,False,Remained Even
2006,3,350,2.2 B,,,Belmiro de Azevedo,,68,,Portugal,Portugal,Oporto,,,,,,
2006,3,350,2.2 B,,,John de Mol,,51,,Netherlands,Netherlands,Blaricum,,['Media'],,,,
2006,3,350,2.2 B,,,Ennio Doris & family,,65,,Italy,Italy,Tombolo,,['Insurance'],,,,
2006,3,350,2.2 B,Getty,Gordon,Gordon Getty,1933-12-20,73,Male,United States,United States,San Francisco,,['Energy'],,,False,Increased
2006,3,350,2.2 B,,,Amos Hostetter,,69,,United States,United States,Boston,,['Media'],,,,
2006,3,350,2.2 B,,,Nancy Walton Laurie,,54,,United States,United States,Columbia,,['Retail'],,,,
2006,3,350,2.2 B,Lindner,Carl,Carl Lindner Jr & family,1919-04-22,86,Male,United States,United States,Cincinnati,,['Sports'],,,False,Increased
2006,3,350,2.2 B,Marcus,Bernard,Bernard Marcus,1929-05-12,76,Male,United States,United States,Atlanta,,['Fashion and Retail'],,,False,Decreased
2006,3,350,2.2 B,Mera,Rosalia,Rosalia Mera,1944-01-28,62,Female,Spain,Spain,La Coruna,Billionaire,['Billionaire'],,"Investor, Philanthropist",False,Increased
2006,3,350,2.2 B,,,Mario Moretti Polegato,,53,,Italy,Italy,Crocetta del Montello,,['Apparel'],,,,
2006,3,350,2.2 B,,,Mitchell Rales,,49,,United States,United States,Washington,,['Manufacturing'],,,,
2006,3,365,2.1 B,,,Mohammed Al Rajhi,,0,,Saudi Arabia,Saudi Arabia,,,['Finance'],,,,
2006,3,365,2.1 B,,,Heinz-Horst Deichmann,,79,,Germany,Germany,Essen,,['Apparel'],,,,
2006,3,365,2.1 B,Huizenga,H. Wayne,H. Wayne Huizenga,1937-12-29,68,Male,United States,United States,Fort Lauderdale,,['Investments'],,,False,Increased
2006,3,365,2.1 B,,,Herbert Kohler & family,,67,,United States,United States,Kohler,,['Manufacturing'],,,,
2006,3,365,2.1 B,,,Fredrik Lundberg,,54,,Sweden,Sweden,Stockholm,,['Investments'],,,,
2006,3,365,2.1 B,,,Alfred Mann,,80,,United States,United States,Los Angeles,,['Health Care'],,,,
2006,3,365,2.1 B,McCaw,Craig,Craig McCaw,1949-08-11,56,Male,United States,United States,Hunts Point,,['Media'],,,False,Remained Even
2006,3,365,2.1 B,,,Steven Rales,,54,,United States,United States,Washington,,['Manufacturing'],,,,
2006,3,365,2.1 B,,,Evgeny (Eugene) Shvidler,,41,,United States,Russia,Moscow,,['Oil'],,,,
2006,3,365,2.1 B,Smith,Frederick,Frederick Smith,1944-08-11,61,Male,United States,United States,Memphis,,['Logistics'],,,False,Remained Even
2006,3,365,2.1 B,,,Glen Taylor,,64,,United States,United States,Mankato,,,,,,
2006,3,365,2.1 B,,,Hong Piow Teh,,76,,Malaysia,Malaysia,Kuala Lumpur,,['Finance'],,,,
2006,3,365,2.1 B,Wang,Patrick,Patrick Wang,1950-09-01,55,Male,Hong Kong,Hong Kong,Hong Kong,Manufacturing,['Manufacturing'],,,False,Remained Even
2006,3,365,2.1 B,,,Cher Wang &#38; Wenchi Chen,,0,,Taiwan,Taiwan,Taipei,,,,,,
2006,3,365,2.1 B,,,Stephen Wynn,,64,,United States,United States,Las Vegas,,,,,,
2006,3,382,2.0 B,,,Nadhmi Auchi,,68,,United Kingdom,United Kingdom,London,,,,,,
2006,3,382,2.0 B,Brandes,Charles,Charles Brandes,1943-03-02,63,Male,United States,United States,San Diego,,['Investments'],,,False,
2006,3,382,2.0 B,,,Patokh Chodiev,,53,,Belgium,Kazakhstan,Almaty,,,,,,
2006,3,382,2.0 B,,,Philippe Foriel-Destezet,,70,,France,United Kingdom,London,,,,,,
2006,3,382,2.0 B,Green,David,David Green,1941-11-13,64,Male,United States,United States,Oklahoma City,,['Fashion and Retail'],,,False,Increased
2006,3,382,2.0 B,,,William Randolph Hearst,,56,,United States,United States,San Francisco,,['Media'],,,,
2006,3,382,2.0 B,,,Roberto Hernandez Ramirez,,64,,Mexico,Mexico,Mexico City,,['Finance'],,,,
2006,3,382,2.0 B,,,Daniela Herz,,52,,Germany,Germany,Hamburg,,['Retail'],,,,
2006,3,382,2.0 B,,,Gunter Herz,,65,,Germany,Germany,Hamburg,,['Retail'],,,,
2006,3,382,2.0 B,,,Alijan Ibragimov,,52,,Kazakhstan,Kazakhstan,Almaty,,,,,,
2006,3,382,2.0 B,,,Paul Tudor Jones,,52,,United States,United States,Greenwich,,['Finance'],,,,
2006,3,382,2.0 B,Lewis,Peter,Peter Lewis,1933-11-11,72,Male,United States,United States,Coconut Grove,,['Logistics'],,,False,Increased
2006,3,382,2.0 B,,,Alexander Machkevich,,52,,Israel,Kazakhstan,Almaty,,,,,,
2006,3,382,2.0 B,,,Patrick McGovern,,68,,United States,United States,Hollis,,['Media'],,,,
2006,3,382,2.0 B,,,Michael Milken,,59,,United States,United States,Los Angeles,,['Finance'],,,,
2006,3,382,2.0 B,Penske,Roger,Roger Penske,1937-02-20,69,Male,United States,United States,Birmingham,,['Automotive'],,,False,Increased
2006,3,382,2.0 B,,,Leng Chan Quek,,65,,Malaysia,Malaysia,Wee,,['Finance'],,,,
2006,3,382,2.0 B,,,Clayton Riddell,,68,,Canada,Canada,Calgary,,['Oil'],,,,
2006,3,382,2.0 B,Sall,John,John Sall,1948-04-04,56,Male,United States,United States,Cary,,['Technology'],,,False,Increased
2006,3,382,2.0 B,,,John Sobrato & family,,66,,United States,United States,Atherton,,['Real Estate'],,,,
2006,3,382,2.0 B,,,Zygmunt Solorz-Zak,,49,,Poland,Poland,Warsaw,,['Media'],,,,
2006,3,382,2.0 B,,,Yitzhak Tshuva,,57,,Israel,Israel,Netanya,,['Real Estate'],,,,
2006,3,382,2.0 B,,,"Robert E ""Ted"" Turner",,67,,United States,United States,Lamont,,['Media'],,,,
2006,3,382,2.0 B,,,Mortimer Zuckerman,,68,,United States,United States,New York,,['Real Estate'],,,,
2006,3,410,1.9 B,,,Herbert Allen & family,,66,,United States,United States,New York,,['Finance'],,,,
2006,3,410,1.9 B,,,Heinz Bauer,,66,,Germany,Germany,Hamburg,,['Media'],,,,
2006,3,410,1.9 B,,,Phoebe Hearst Cooke,,79,,United States,United States,San Francisco,,['Media'],,,,
2006,3,410,1.9 B,,,Austin Hearst,,53,,United States,United States,New York,,['Media'],,,,
2006,3,410,1.9 B,,,David Hearst,,60,,United States,United States,Los Angeles,,['Media'],,,,
2006,3,410,1.9 B,,,George Hearst,,78,,United States,United States,Los Angeles,,['Media'],,,,
2006,3,410,1.9 B,Jacobs,Irwin,Irwin Jacobs,1933-10-18,72,Male,United States,United States,La Jolla,,['Technology'],,,False,Increased
2006,3,410,1.9 B,,,S. Curtis Johnson,,50,,United States,United States,Racine,,['Manufacturing'],,,,
2006,3,410,1.9 B,,,Clayton Mathile,,65,,United States,United States,Dayton,,['Food'],,,,
2006,3,410,1.9 B,,,Thomas Pritzker,,55,,United States,United States,Chicago,,,,,,
2006,3,410,1.9 B,,,Ronda Stryker,,51,,United States,United States,Kalamazoo,,['Health Care'],,,,
2006,3,410,1.9 B,,,Roustam Tariko,,44,,Russia,Russia,Moscow,,['Finance'],,,,
2006,3,410,1.9 B,,,Albert von Thurn und Taxis,,22,,Germany,Germany,Regensburg,,,,,,
2006,3,410,1.9 B,,,Hiroshi Yamauchi,,78,,Japan,Japan,Kyoto,,['Software'],,,,
2006,3,428,1.8 B,Abraham,S. Daniel,S. Daniel Abraham,1924-08-15,81,Male,United States,United States,Palm Beach,,['Food and Beverage'],,,False,Remained Even
2006,3,428,1.8 B,,,Isak Andic,,51,,Spain,Spain,Barcelona,,['Retail'],,,,
2006,3,428,1.8 B,,,Lee Bass,,49,,United States,United States,Fort Worth,,['Oil'],,,,
2006,3,428,1.8 B,,,Pierre Bellon & family,,76,,France,France,Paris,,,,,,
2006,3,428,1.8 B,,,Mark Cuban,,48,,United States,United States,Dallas,,,,,,
2006,3,428,1.8 B,,,Stanley Druckenmiller,,53,,United States,United States,New York,,['Finance'],,,,
2006,3,428,1.8 B,,,Donald Hall,,77,,United States,United States,Mission Hills,,['Manufacturing'],,,,
2006,3,428,1.8 B,,,R. Budi Hartono,,65,,Indonesia,Indonesia,Kudus,,,,,,
2006,3,428,1.8 B,,,Hans-Werner Hector,,66,,Germany,Germany,Weinheim,,,,,,
2006,3,428,1.8 B,,,Jess Jackson,,76,,United States,United States,Healdsburg,,['Food'],,,,
2006,3,428,1.8 B,,,Stefano Pessina,,64,,Italy,Monaco,Monte Carlo,,['Health Care'],,,,
2006,3,428,1.8 B,,,Penny Pritzker,,46,,United States,United States,Chicago,,['Investments'],,,,
2006,3,428,1.8 B,,,Jon Stryker,,47,,United States,United States,Kalamazoo,,['Health Care'],,,,
2006,3,428,1.8 B,,,Olav Thon,,82,,Norway,Norway,Oslo,,['Real Estate'],,,,
2006,3,451,1.7 B,,,Rinat Akhmetov,,39,,Ukraine,Ukraine,Donetsk,,,,,,
2006,3,451,1.7 B,,,Emilio Azcarraga Jean,,38,,Mexico,Mexico,Mexico City,,['Media'],,,,
2006,3,451,1.7 B,,,Vincent Bollore,,53,,France,France,Paris,,['Investments'],,,,
2006,3,451,1.7 B,,,Emilio Botin,,71,,Spain,Spain,Santander,,['Finance'],,,,
2006,3,451,1.7 B,,,Charles Dolan & family,,79,,United States,United States,Oyster Bay,,['Media'],,,,
2006,3,451,1.7 B,Dorrance,Bennett,Bennett Dorrance,1946-02-09,57,Male,United States,United States,Paradise Valley,,['Food and Beverage'],,,False,Increased
2006,3,451,1.7 B,,,Gustaf Douglas,,68,,Sweden,Sweden,Stockholm,,,,,,
2006,3,451,1.7 B,,,Gabriel Escarrer,,71,,Spain,Spain,Palma de Majorca,,,,,,
2006,3,451,1.7 B,Frist,Thomas,Thomas Frist Jr & family,1938-08-12,67,Male,United States,United States,Nashville,,['Health care'],,,False,Increased
2006,3,451,1.7 B,,,Tetsuro Funai,,79,,Japan,Japan,Osaka,,['Manufacturing'],,,,
2006,3,451,1.7 B,,,Tom Gores,,41,,United States,United States,Beverly Hills,,['Finance'],,,,
2006,3,451,1.7 B,,,Graeme Hart,,50,,New Zealand,New Zealand,New Zealand,,,,,,
2006,3,451,1.7 B,,,Vladimir Iorikh,,47,,Russia,Russia,Moscow,,,,,,
2006,3,451,1.7 B,,,Rahmi Koc,,75,,Turkey,Turkey,Istanbul,,,,,,
2006,3,451,1.7 B,,,E. Stanley Kroenke,,58,,United States,United States,Columbia,,['Retail'],,,,
2006,3,451,1.7 B,,,Joseph Lau,,54,,Hong Kong,Hong Kong,Hong Kong,,['Real Estate'],,,,
2006,3,451,1.7 B,Malone,Mary Alice Dorrance,Mary Alice Dorrance Malone,1950-02-03,56,Female,United States,United States,Coatesville,,['Food and Beverage'],,,False,Remained Even
2006,3,451,1.7 B,,,Gregorio Perez Companc & family,,71,,Argentina,Argentina,Buenos Aires,,,,,,
2006,3,451,1.7 B,,,Anthony Pritzker,,45,,United States,United States,Los Angeles,,['Investments'],,,,
2006,3,451,1.7 B,,,Daniel Pritzker,,47,,United States,United States,Marin County,,['Investments'],,,,
2006,3,451,1.7 B,,,James Pritzker,,54,,United States,United States,Chicago,,['Investments'],,,,
2006,3,451,1.7 B,,,Jay Robert (J.B.) Pritzker,,41,,United States,United States,Evanston,,['Investments'],,,,
2006,3,451,1.7 B,,,Jean (Gigi) Pritzker,,44,,United States,United States,Chicago,,['Investments'],,,,
2006,3,451,1.7 B,,,John Pritzker,,53,,United States,United States,San Francisco,,['Investments'],,,,
2006,3,451,1.7 B,,,Karen Pritzker,,48,,United States,United States,New Haven,,['Investments'],,,,
2006,3,451,1.7 B,,,Linda Pritzker,,52,,United States,United States,St. Ignatius,,['Investments'],,,,
2006,3,451,1.7 B,,,Sevket Sabanci,,70,,Turkey,Turkey,Istanbul,,,,,,
2006,3,451,1.7 B,,,Walter Scott,,74,,United States,United States,Omaha,,,,,,
2006,3,451,1.7 B,,,Sylvia Stroher,,51,,Germany,Germany,Darmstadt,,['Retail'],,,,
2006,3,451,1.7 B,,,Lucio Tan & family,,71,,Philippines,Philippines,Manila,,,,,,
2006,3,451,1.7 B,,,Larry Yung,,64,,China,China,Shanghai,,,,,,
2006,3,451,1.7 B,,,Igor Zyuzin,,45,,Russia,Russia,Moscow,,,,,,
2006,3,486,1.6 B,,,Julio Bozano,,70,,Brazil,Brazil,Rio de Janeiro,,['Finance'],,,,
2006,3,486,1.6 B,,,Jim Davis & family,,62,,United States,United States,Newton,,['Apparel'],,,,
2006,3,486,1.6 B,,,Abilio dos Santos Diniz,,69,,Brazil,Brazil,Sao Paulo,,['Retail'],,,,
2006,3,486,1.6 B,,,Aydin Dogan,,70,,Turkey,Turkey,Istanbul,,['Media'],,,,
2006,3,486,1.6 B,,,Ray Dolby,,73,,United States,United States,San Francisco,,,,,,
2006,3,486,1.6 B,Huntsman,Jon,Jon Huntsman,1937-06-21,68,Male,United States,United States,Salt Lake City,,,,,False,Decreased
2006,3,486,1.6 B,,,Ryoichi Jinnai,,79,,Japan,Japan,Hokkaido,,['Finance'],,,,
2006,3,486,1.6 B,Kao,Min,Min Kao,1949-01-10,57,Male,United States,United States,Leawood,,['Manufacturing'],,,False,Increased
2006,3,486,1.6 B,,,Daryl Katz,,44,,Canada,Canada,Edmonton,,['Retail'],,,,
2006,3,486,1.6 B,,,Barry Lam,,56,,Taiwan,Taiwan,,,,,,,
2006,3,486,1.6 B,,,Shin Cheng Lee,,66,,Malaysia,Malaysia,Jeram,,['Agriculture'],,,,
2006,3,486,1.6 B,,,Joseph Lewis,,69,,United Kingdom,Bahamas,Lyford Cay,,['Finance'],,,,
2006,3,486,1.6 B,,,John Malone,,65,,United States,United States,Parker,,['Media'],,,,
2006,3,486,1.6 B,,,John Marriott,,74,,United States,United States,Potomac,,,,,,
2006,3,486,1.6 B,,,Alain Merieux & family,,68,,France,France,Lyon,,['Health Care'],,,,
2006,3,486,1.6 B,,,Dmitry Rybolovlev,,39,,Russia,Russia,Moscow,,['Manufacturing'],,,,
2006,3,486,1.6 B,,,David Sainsbury,,65,,United Kingdom,United Kingdom,London,,['Retail'],,,,
2006,3,486,1.6 B,,,Thomas Siebel,,53,,United States,United States,San Mateo,,,,,,
2006,3,486,1.6 B,,,Patrick Soon-Shiong,,54,,United States,United States,Los Angeles,,['Pharmaceuticals'],,,,
2006,3,486,1.6 B,,,Arne Wilhelmsen & family,,75,,Norway,Norway,Oslo,,['Shipping'],,,,
2006,3,512,1.5 B,,,Peter Buck,,75,,United States,United States,Danbury,,['Food'],,,,
2006,3,512,1.5 B,,,John Caudwell,,53,,United Kingdom,United Kingdom,Stoke-on-Trent,,,,,,
2006,3,512,1.5 B,,,Turgay Ciner,,50,,Turkey,Turkey,Istanbul,,,,,,
2006,3,512,1.5 B,,,Jean Coutu,,78,,Canada,Canada,Quebec,,['Retail'],,,,
2006,3,512,1.5 B,DeLuca,Fred,Fred DeLuca,1947-10-03,58,Male,United States,United States,Fort Lauderdale,,['Food and Beverage'],,,False,Remained Even
2006,3,512,1.5 B,,,"Archie Aldis ""Red"" Emmerson",,76,,United States,United States,Redding,,['Real Estate'],,,,
2006,3,512,1.5 B,,,Gerald J. Ford,,61,,United States,United States,Dallas,,['Finance'],,,,
2006,3,512,1.5 B,,,Victor Fung,,61,,United States,Hong Kong,Hong Kong,,,,,,
2006,3,512,1.5 B,,,William Fung,,58,,Hong Kong,Hong Kong,Hong Kong,,,,,,
2006,3,512,1.5 B,,,Rolf Gerling,,51,,Germany,Switzerland,Zurich,,['Insurance'],,,,
2006,3,512,1.5 B,,,Kenneth Griffin,,37,,United States,United States,Chicago,,['Investments'],,,,
2006,3,512,1.5 B,,,Marguerite Harbert,,82,,United States,United States,Birmingham,,,,,,
2006,3,512,1.5 B,,,Stephen Jarislowsky,,80,,Canada,Canada,Montreal,,['Finance'],,,,
2006,3,512,1.5 B,,,H. Fisk Johnson,,47,,United States,United States,Racine,,['Manufacturing'],,,,
2006,3,512,1.5 B,,,Imogene Powers Johnson,,76,,United States,United States,Racine,,['Manufacturing'],,,,
2006,3,512,1.5 B,,,Helen Johnson-Leipold,,49,,United States,United States,Racine,,['Manufacturing'],,,,
2006,3,512,1.5 B,,,Winnie Johnson-Marquart,,46,,United States,United States,Virginia Beach,,['Manufacturing'],,,,
2006,3,512,1.5 B,Kim,James,James Kim & family,1936-01-08,70,Male,United States,United States,Bryn Mawr,,['Technology'],,,False,Increased
2006,3,512,1.5 B,,,Alicia Koplowitz,,53,,Spain,Spain,Madrid,,['Investments'],,,,
2006,3,512,1.5 B,,,Michael Krasny,,52,,United States,United States,Highland Park,,,,,,
2006,3,512,1.5 B,Lindemann,George,George Lindemann & family,1936-03-26,70,Male,United States,United States,Palm Beach,,['Investments'],,,False,Increased
2006,3,512,1.5 B,,,Che Woo Lui,,76,,Hong Kong,Hong Kong,,,['Construction &#38; Engineering'],,,,
2006,3,512,1.5 B,,,Richard Marriott,,67,,United States,United States,Potomac,,,,,,
2006,3,512,1.5 B,,,Charles Munger,,82,,United States,United States,Los Angeles,,['Finance'],,,,
2006,3,512,1.5 B,,,Husnu Ozyegin,,61,,Turkey,Turkey,Izmir,,['Finance'],,,,
2006,3,512,1.5 B,,,Liselott Persson,,0,,Sweden,Sweden,Stockholm,,['Retail'],,,,
2006,3,512,1.5 B,,,T. Boone Pickens,,77,,United States,United States,Dallas,,['Energy'],,,,
2006,3,512,1.5 B,,,Stewart Rahr,,60,,United States,United States,New York,,['Pharmaceuticals'],,,,
2006,3,512,1.5 B,,,Ferit Sahenk,,42,,Turkey,Turkey,Istanbul,,['Finance'],,,,
2006,3,512,1.5 B,,,Bernard Saul,,73,,United States,United States,Chevy Chase,,['Finance'],,,,
2006,3,512,1.5 B,,,Kavitark Ram Shriram,,50,,United States,United States,Mountain View,,,,,,
2006,3,512,1.5 B,Sperling,John,John Sperling,1921-01-09,85,Male,United States,United States,Phoenix,,['Service'],,,False,Decreased
2006,3,512,1.5 B,,,Pat Stryker,,49,,United States,United States,Fort Collins,,['Health Care'],,,,
2006,3,512,1.5 B,,,Henry Sy & family,,81,,Philippines,Philippines,Manila,,,,,,
2006,3,512,1.5 B,,,Marcel Herrmann Telles,,56,,Brazil,Brazil,Sao Paulo,,['Beverages'],,,,
2006,3,512,1.5 B,,,Andreas von Bechtolsheim,,50,,Germany,United States,Palo Alto,,,,,,
2006,3,512,1.5 B,,,Margaret Whitman,,49,,United States,United States,Atherton,,,,,,
2006,3,512,1.5 B,,,John Whittaker,,64,,United Kingdom,United Kingdom,Isle of Man,,['Real Estate'],,,,
2006,3,512,1.5 B,,,Daniel Ziff,,34,,United States,United States,New York,,['Investments'],,,,
2006,3,512,1.5 B,Ziff,Dirk,Dirk Ziff,1964-04-01,41,Male,United States,United States,North Palm Beach,,['Investments'],,,False,Remained Even
2006,3,512,1.5 B,,,Robert Ziff,,39,,United States,United States,New York,,['Investments'],,,,
2006,3,562,1.4 B,,,Abdulla Al Futtaim,,0,,United Arab Emirates,United Arab Emirates,dubai,,,,,,
2006,3,562,1.4 B,,,Bassam Alghanim,,0,,Kuwait,Kuwait,Kuwait City,,['Finance'],,,,
2006,3,562,1.4 B,,,Kutayba Alghanim,,49,,Kuwait,Kuwait,Kuwait City,,,,,,
2006,3,562,1.4 B,Anderson,John,John Anderson,1917-09-12,88,Male,United States,,,,['Investments'],,,False,Increased
2006,3,562,1.4 B,,,George Argyros,,69,,United States,United States,Newport Beach,,['Real Estate'],,,,
2006,3,562,1.4 B,,,Sid Bass,,63,,United States,United States,Fort Worth,,['Oil'],,,,
2006,3,562,1.4 B,,,Neil Bluhm,,68,,United States,United States,Chicago,,['Real Estate'],,,,
2006,3,562,1.4 B,DeBartolo,Edward,Edward DeBartolo Jr,1946-11-06,59,Male,United States,United States,Tampa,,['Real Estate'],,,False,Remained Even
2006,3,562,1.4 B,Edwards,N. Murray,N. Murray Edwards,1959-12-10,46,Male,Canada,Canada,Calgary,,['Energy'],,,False,
2006,3,562,1.4 B,,,Barbara Carlson Gage & family,,64,,United States,United States,Minneapolis,,,,,,
2006,3,562,1.4 B,,,John Gandel,,71,,Australia,Australia,Melbourne,,['Real Estate'],,,,
2006,3,562,1.4 B,,,Jonathan Harmsworth,,38,,United Kingdom,United Kingdom,London,,['Media'],,,,
2006,3,562,1.4 B,,,Alfredo Harp Helu & family,,62,,Mexico,Mexico,Mexico City,,['Finance'],,,,
2006,3,562,1.4 B,Hayne,Richard,Richard Hayne,1947-09-01,58,Male,United States,United States,Philadelphia,Fashion and Retail,['Fashion and Retail            '],Urban Outfitters Inc.,"Chairman, President & Chief Executive Officer",False,
2006,3,562,1.4 B,Hsieh,Ming,Ming Hsieh,1956-01-18,50,Male,United States,United States,Los Angeles,,,,,True,Decreased
2006,3,562,1.4 B,,,Joseph Jamail,,80,,United States,United States,Houston,,,,,,
2006,3,562,1.4 B,,,Baba Kalyani,,57,,India,India,Pune,,['Construction &#38; Engineering'],,,,
2006,3,562,1.4 B,,,Guy Laliberte,,46,,Canada,Canada,Montreal,,['Media'],,,,
2006,3,562,1.4 B,,,Guilherme Peirao Leal,,55,,Brazil,Brazil,Sao Paulo,,['Retail'],,,,
2006,3,562,1.4 B,,,Myung-Hee Lee,,62,,South Korea,South Korea,,,['Retail'],,,,
2006,3,562,1.4 B,Lerner,Nancy,Nancy Lerner,1960-04-20,45,Female,United States,United States,Cleveland,,['Finance'],,,False,Remained Even
2006,3,562,1.4 B,Lerner,Norma,Norma Lerner,1936-03-28,69,Female,United States,United States,Cleveland,,['Finance'],,,False,Remained Even
2006,3,562,1.4 B,Lerner,Randolph,Randolph Lerner,1962-02-21,43,Male,United States,United States,Cleveland,,['Finance'],,,False,Remained Even
2006,3,562,1.4 B,,,Vincent Lo,,57,,Hong Kong,Hong Kong,Hong Kong,,['Real Estate'],,,,
2006,3,562,1.4 B,,,Robert McNair,,69,,United States,United States,Houston,,['Oil'],,,,
2006,3,562,1.4 B,,,Marilyn Carlson Nelson & family,,67,,United States,United States,Minneapolis,,,,,,
2006,3,562,1.4 B,,,Michael Price,,53,,United States,United States,Far Hills,,['Finance'],,,,
2006,3,562,1.4 B,,,Hans Riegel,,83,,Germany,Germany,Bonn,,['Food'],,,,
2006,3,562,1.4 B,,,Antonio Luiz Seabra,,63,,Brazil,Brazil,London,,['Retail'],,,,
2006,3,562,1.4 B,Smith,O. Bruton,O. Bruton Smith & family,1927-03-02,79,Male,United States,United States,Charlotte,Automotive,['Automotive'],,,True,Decreased
2006,3,562,1.4 B,Sperling,Peter,Peter Sperling,1959-11-22,46,Male,United States,United States,Phoenix,,['Service'],,,False,Decreased
2006,3,562,1.4 B,,,Albert Ueltschi,,88,,United States,United States,Vero Beach,,,,,,
2006,3,562,1.4 B,Winfrey,Oprah,Oprah Winfrey,1954-01-29,52,Female,United States,United States,Chicago,,['Media'],,,False,Increased
2006,3,606,1.3 B,,,Vasily Anisimov,,54,,Russia,Russia,Moscow,,,,,,
2006,3,606,1.3 B,,,Semahat Arsel,,78,,Turkey,Turkey,istanbul,,,,,,
2006,3,606,1.3 B,Blank,Arthur,Arthur Blank,1942-09-27,63,Male,United States,United States,Atlanta,,['Sports'],,,False,Decreased
2006,3,606,1.3 B,,,Barry Diller,,64,,United States,United States,New York,,['Media'],,,,
2006,3,606,1.3 B,,,John Fisher,,44,,United States,United States,San Francisco,,['Retail'],,,,
2006,3,606,1.3 B,Fisher,William,William Fisher,1957-04-01,48,Male,United States,United States,San Francisco,Retail,['Retail'],Gap,Director,False,Increased
2006,3,606,1.3 B,,,Alan Gerry,,76,,United States,United States,Liberty,,['Media'],,,,
2006,3,606,1.3 B,Glazer,Malcolm,Malcolm Glazer & family,1928-08-15,77,Male,United States,United States,Palm Beach,,['Sports'],,,False,Increased
2006,3,606,1.3 B,Goldsbury,Christopher,Christopher Goldsbury,1943-01-01,63,Male,United States,United States,San Antonio,,['Food and Beverage'],,,False,Remained Even
2006,3,606,1.3 B,,,B. Thomas Golisano,,64,,United States,United States,Victor,,,,,,
2006,3,606,1.3 B,,,Alec Gores,,53,,United States,United States,Beverly Hills,,['Finance'],,,,
2006,3,606,1.3 B,,,Robert Holding,,79,,United States,United States,Sun Valley,,['Oil'],,,,
2006,3,606,1.3 B,,,Elie Horn,,60,,Brazil,Brazil,Sao Paulo,,['Real Estate'],,,,
2006,3,606,1.3 B,Horton,Donald,Donald Horton,1950-03-05,56,Male,United States,United States,Fort Worth,Real Estate,['Real Estate'],,,True,
2006,3,606,1.3 B,,,James Jannard,,56,,United States,United States,San Juan Islands,,['Apparel'],,,,
2006,3,606,1.3 B,Kelley,Brad,Brad Kelley,1956-12-23,49,Male,United States,United States,Franklin,,['Real Estate'],,,False,
2006,3,606,1.3 B,,,Thomas Lee,,61,,United States,United States,New York,,['Finance'],,,,
2006,3,606,1.3 B,Leprino,James,James Leprino,1937-11-22,69,Male,United States,United States,Indian Hills,,['Food and Beverage'],,,False,
2006,3,606,1.3 B,,,Yongxing Liu,,57,,China,China,Chengdu,,['Agriculture'],,,,
2006,3,606,1.3 B,,,Gary Michelson,,57,,United States,United States,Los Angeles,,['Health Care'],,,,
2006,3,606,1.3 B,,,John Morgridge,,72,,United States,United States,Portola Valley,,,,,,
2006,3,606,1.3 B,,,Nicholas Pritzker,,62,,United States,United States,Chicago,,['Investments'],,,,
2006,3,606,1.3 B,,,James Ratcliffe,,53,,United Kingdom,United Kingdom,Hampshire,,['Chemicals'],,,,
2006,3,606,1.3 B,,,Phillip Ruffin,,70,,United States,United States,Wichita,,,,,,
2006,3,606,1.3 B,,,Filiz Sahenk,,39,,Turkey,Turkey,istanbul,,['Finance'],,,,
2006,3,606,1.3 B,,,Carlos Alberto Sicupira,,58,,Brazil,Brazil,Sao Paulo,,['Beverages'],,,,
2006,3,606,1.3 B,,,Alexander Spanos & family,,82,,United States,United States,Stockton,,['Real Estate'],,,,
2006,3,606,1.3 B,,,Harry Triguboff,,73,,Australia,Australia,Sydney,,['Real Estate'],,,,
2006,3,606,1.3 B,,,Joop van den Ende,,64,,Netherlands,Netherlands,,,['Media'],,,,
2006,3,606,1.3 B,,,Martin Viessmann,,52,,Germany,Germany,Allendorf,,['Manufacturing'],,,,
2006,3,606,1.3 B,,,Dean White,,82,,United States,United States,Crown Point,,,,,,
2006,3,606,1.3 B,Zobel de Ayala,Jaime,Jaime Zobel de Ayala & family,1934-07-18,71,Male,Philippines,Philippines,Manila,,,,,False,Decreased
2006,3,645,1.2 B,,,Thomas Bailey,,69,,United States,United States,Aspen,,['Finance'],,,,
2006,3,645,1.2 B,,,Edward Bass,,61,,United States,United States,Fort Worth,,['Oil'],,,,
2006,3,645,1.2 B,,,Carl Berg,,68,,United States,United States,Atherton,,['Real Estate'],,,,
2006,3,645,1.2 B,,,Amar Bose,,77,,United States,United States,Framingham,,['Manufacturing'],,,,
2006,3,645,1.2 B,,,Alan Casden,,60,,United States,United States,Beverly Hills,,['Real Estate'],,,,
2006,3,645,1.2 B,,,William Connor,,56,,United States,Hong Kong,Hong Kong,,,,,,
2006,3,645,1.2 B,,,Scott Cook,,53,,United States,United States,Woodside,,,,,,
2006,3,645,1.2 B,,,William Ding,,35,,China,China,,,,,,,
2006,3,645,1.2 B,,,Robert Friedland,,55,,United States,Hong Kong,Hong Kong,,,,,,
2006,3,645,1.2 B,Frost,Phillip,Phillip Frost,1936-11-11,69,Male,United States,United States,Miami Beach,,['Health care'],,,False,
2006,3,645,1.2 B,,,Soichiro Fukutake,,60,,Japan,Japan,Okayama,,,,,,
2006,3,645,1.2 B,,,Ingeburg Herz,,86,,Germany,Germany,Hamburg,,['Retail'],,,,
2006,3,645,1.2 B,,,Stanley Stub Hubbard,,72,,United States,United States,St. Mary's Point,,['Media'],,,,
2006,3,645,1.2 B,Keinath,Pauline MacMillan,Pauline MacMillan Keinath,1934-01-01,74,Female,United States,United States,St. Louis,,['Food and Beverage'],,,False,
2006,3,645,1.2 B,,,Suna Kirac,,64,,Turkey,Turkey,istanbul,,,,,,
2006,3,645,1.2 B,MacMillan,Cargill,Cargill MacMillan Jr,1927-03-29,79,Male,United States,,,,['Food and Beverage'],,,False,
2006,3,645,1.2 B,,,Whitney MacMillan,,77,,United States,United States,Minneapolis,,['Agriculture'],,,,
2006,3,645,1.2 B,McCombs,"Billy Joe ""Red""",Billy Joe (Red) McCombs,1927-10-19,78,Male,United States,United States,San Antonio,,['Media'],,,False,Remained Even
2006,3,645,1.2 B,,,Drayton McLane,,69,,United States,United States,Temple,,['Retail'],,,,
2006,3,645,1.2 B,Moreno,Arturo,Arturo Moreno,1946-08-14,59,Male,United States,United States,Phoenix,Sports,['Sports                        '],,,False,Returned to List
2006,3,645,1.2 B,,,N.R. Narayana Murthy,,59,,India,India,Bangalore,,,,,,
2006,3,645,1.2 B,,,Kazuo Okada & family,,63,,Japan,Japan,Tokyo,,,,,,
2006,3,645,1.2 B,,,Tuncay Ozilhan,,59,,Turkey,Turkey,Istanbul,,['Beverages'],,,,
2006,3,645,1.2 B,Perez,Jorge,Jorge Perez,1948-10-17,57,Male,United States,United States,Miami,,,,,False,
2006,3,645,1.2 B,Pictet,Marion MacMillan,Marion MacMillan Pictet,,74,Female,United States,,,,['Food and Beverage'],,,False,
2006,3,645,1.2 B,,,Victor Pinchuk,,45,,Ukraine,Ukraine,Dniepropetrovsk,,,,,,
2006,3,645,1.2 B,,,Steven Roth,,64,,United States,United States,New York,,['Real Estate'],,,,
2006,3,645,1.2 B,,,Richard Scaife,,74,,United States,United States,Pittsburgh,,['Finance'],,,,
2006,3,645,1.2 B,Schneider,Donald,Donald Schneider,1935-10-19,70,Male,United States,,,,['Logistics'],,,False,Returned to List
2006,3,645,1.2 B,,,Dorothea Steinbruch & family,,0,,Brazil,Brazil,Sao Paulo,,,,,,
2006,3,645,1.2 B,Taubman,A. Alfred,Alfred Taubman,1924-01-31,82,Male,United States,United States,Bloomfield Hills,,['Real Estate'],,,False,Increased
2006,3,645,1.2 B,,,David Tepper,,48,,United States,United States,Chatham,,['Finance'],,,,
2006,3,645,1.2 B,,,Wilma Tisch,,78,,United States,United States,New York,,['Investments'],,,,
2006,3,645,1.2 B,,,Peter Unger,,61,,Germany,Germany,Weiden,,,,,,
2006,3,698,1.1 B,Ansin,Edmund,Edmund Ansin,1936-03-09,70,Male,United States,United States,Miami Beach,,['Media'],,,False,Increased
2006,3,698,1.1 B,,,John Arrillaga,,68,,United States,United States,Palo Alto,,['Real Estate'],,,,
2006,3,698,1.1 B,Burrell,Gary,Gary Burrell,1937-08-24,68,Male,United States,United States,Spring Hill,,['Manufacturing'],,,False,Returned to List
2006,3,698,1.1 B,,,Mang Yee Chu,,0,,China,China,Guangzhou,,['Real Estate'],,,,
2006,3,698,1.1 B,,,David Duffield,,65,,United States,United States,Incline Village,,,,,,
2006,3,698,1.1 B,,,Bulent Eczacibasi,,56,,Turkey,Turkey,Istanbul,,['Pharmaceuticals'],,,,
2006,3,698,1.1 B,,,Kenneth Fisher,,55,,United States,United States,Woodside,,['Finance'],,,,
2006,3,698,1.1 B,Ford,William,William Ford Sr,1925-03-14,81,Male,United States,United States,Grosse Pointe Shores,,['Manufacturing'],,,False,Increased
2006,3,698,1.1 B,Gabelli,Mario,Mario Gabelli,1942-03-31,63,Male,United States,United States,Greenwich,Investments,['Investments'],,,False,
2006,3,698,1.1 B,,,David Gottesman,,79,,United States,United States,Rye,,['Finance'],,,,
2006,3,698,1.1 B,,,William Gross,,61,,United States,United States,Laguna Beach,,['Finance'],,,,
2006,3,698,1.1 B,,,Guangchang Guo,,39,,China,China,,,,,,,
2006,3,698,1.1 B,,,Chang-Woo Han & family,,75,,Japan,Japan,Kyoto,,,,,,
2006,3,698,1.1 B,,,Wing Mau Hui,,0,,China,Hong Kong,Hong Kong,,['Real Estate'],,,,
2006,3,698,1.1 B,Jones,Jerral,Jerry Jones,1942-10-13,63,Male,United States,United States,Dallas,,['Sports'],,,False,Increased
2006,3,698,1.1 B,Joseph,George,George Joseph,1921-09-11,84,Male,United States,United States,Los Angeles,Finance,['Finance'],,,False,Remained Even
2006,3,698,1.1 B,,,Uday Kotak,,47,,India,India,Mumbai,,['Finance'],,,,
2006,3,698,1.1 B,,,Robert Kraft,,64,,United States,United States,Brookline,,['Manufacturing'],,,,
2006,3,698,1.1 B,Langone,Kenneth,Kenneth Langone,1935-09-16,70,Male,United States,United States,Sands Point,Investments,['Investments                   '],,,False,Decreased
2006,3,698,1.1 B,,,Richard Li,,39,,Hong Kong,Hong Kong,Hong Kong,,,,,,
2006,3,698,1.1 B,,,Richard Peery,,65,,United States,United States,Palo Alto,,['Real Estate'],,,,
2006,3,698,1.1 B,,,Nelson Peltz,,63,,United States,United States,Bedford,,['Finance'],,,,
2006,3,698,1.1 B,,,Edward Roski,,67,,United States,United States,Los Angeles,,['Real Estate'],,,,
2006,3,698,1.1 B,,,Hajime Satomi,,64,,Japan,Japan,Toyko,,,,,,
2006,3,698,1.1 B,Simon,Herbert,Herbert Simon,1934-10-23,71,Male,United States,United States,Indianapolis,,['Real Estate'],,,False,
2006,3,698,1.1 B,,,Kenny Troutt,,58,,United States,United States,Dallas,,,,,,
2006,3,698,1.1 B,,,Charlotte Colket Weber,,63,,United States,United States,Ocala,,['Food'],,,,
2006,3,698,1.1 B,,,Kamil Yazici,,76,,Turkey,Turkey,,,['Beverages'],,,,
2006,3,698,1.1 B,,,Tiong Lay Yeoh & family,,76,,Malaysia,Malaysia,,,['Construction &#38; Engineering'],,,,
2006,3,698,1.1 B,,,Ahmet Nazif Zorlu,,61,,Turkey,Turkey,Istanbul,,,,,,
2006,3,746,1.0 B,,,Majid Al Futtaim,,0,,United Arab Emirates,United Arab Emirates,DUBAI,,['Real Estate'],,,,
2006,3,746,1.0 B,,,Louis Bacon,,50,,United States,United Kingdom,London,,['Investments'],,,,
2006,3,746,1.0 B,,,Subhash Chandra,,55,,India,India,London,,['Media'],,,,
2006,3,746,1.0 B,,,David Cheriton,,0,,Canada,United States,,,,,,,
2006,3,746,1.0 B,,,Leszek Czarnecki,,44,,Poland,Poland,Wroclaw,,['Finance'],,,,
2006,3,746,1.0 B,,,Dermot Desmond,,56,,Ireland,Ireland,,,['Investments'],,,,
2006,3,746,1.0 B,,,Richard Desmond,,54,,United Kingdom,United Kingdom,London,,['Media'],,,,
2006,3,746,1.0 B,,,L. John Doerr,,55,,United States,United States,Woodside,,['Investments'],,,,
2006,3,746,1.0 B,,,James Dyson,,58,,United Kingdom,United Kingdom,Gloucestershire,,,,,,
2006,3,746,1.0 B,,,John Edson,,73,,United States,United States,Seattle,,['Manufacturing'],,,,
2006,3,746,1.0 B,,,William Hilton,,78,,United States,United States,Los Angeles,,,,,,
2006,3,746,1.0 B,Jacobs,Jeremy,Jeremy Jacobs Sr,1940-01-20,66,Male,United States,United States,East Aurora,,['Service'],,,False,Remained Even
2006,3,746,1.0 B,,,Michael Jaharis,,78,,United States,United States,New York,,['Pharmaceuticals'],,,,
2006,3,746,1.0 B,,,Morris Kahn,,76,,Israel,Israel,,,['Investments'],,,,
2006,3,746,1.0 B,,,Mehmet Emin Karamehmet,,61,,Turkey,Turkey,Geneva,,,,,,
2006,3,746,1.0 B,Kellogg,William,William Kellogg,1943-07-08,62,Male,United States,United States,Oconomowoc,,['Fashion and Retail'],,,False,Decreased
2006,3,746,1.0 B,,,Nasser Khalili,,60,,United Kingdom,United Kingdom,London,,,,,,
2006,3,746,1.0 B,,,Jan Kulczyk,,56,,Poland,Poland,Poznan,,,,,,
2006,3,746,1.0 B,,,Yonghao Liu,,54,,China,China,Chengdu,,['Agriculture'],,,,
2006,3,746,1.0 B,,,Vijay Mallya,,50,,India,India,Bangalore,,['Beverages'],,,,
2006,3,746,1.0 B,Ross,Wilbur,Wilbur Ross Jr,1937-11-28,68,Male,United States,United States,Palm Beach,,['Investments'],,,False,Remained Even
2006,3,746,1.0 B,Rowling,Joanne (J.K.),J.K. Rowling,1965-07-31,40,Female,United Kingdom,Scotland,Edinburgh,,['Media'],,,False,Remained Even
2006,3,746,1.0 B,,,Lily Safra,,68,,Monaco,Monaco,,,['Finance'],,,,
2006,3,746,1.0 B,,,Monika Schoeller,,67,,Germany,Germany,Stuttgart,,['Media'],,,,
2006,3,746,1.0 B,,,Sheldon Solow,,77,,United States,United States,New York,,['Real Estate'],,,,
2006,3,746,1.0 B,,,Kerry Stokes,,64,,Australia,Australia,Perth,,['Construction &#38; Engineering'],,,,
2006,3,746,1.0 B,,,Hiew King Tiong,,70,,Malaysia,Malaysia,Sibu,,,,,,
2006,3,746,1.0 B,,,Hope Hill van Beuren,,72,,United States,United States,Middletown,,['Food'],,,,
2006,3,746,1.0 B,,,Murat Vargi,,57,,Turkey,Turkey,Istanbul,,,,,,
2006,3,746,1.0 B,,,Stefan von Holtzbrinck,,42,,Germany,Germany,Stuttgart,,['Media'],,,,
2006,3,746,1.0 B,,,Todd Wagner,,45,,United States,United States,Dallas,,,,,,
2006,3,746,1.0 B,,,Samuel Wyly,,70,,United States,United States,Dallas,,['Investments'],,,,
